EmployeeNumber,OverTime,WorkLifeBalance,EnvironmentSatisfaction,JobSatisfaction,RelationshipSatisfaction,JobInvolvement,StockOptionLevel
1,Yes,1,2,4,1,3,0
2,No,3,3,2,4,2,1
4,Yes,3,4,3,2,2,0
5,Yes,3,4,3,3,3,0
7,No,3,1,2,4,3,1
8,No,2,4,4,3,3,0
10,Yes,2,3,1,1,4,3
11,No,3,4,3,2,3,1
12,No,3,4,3,2,2,0
13,No,2,3,3,2,3,2
14,No,3,1,2,3,4,1
15,Yes,3,4,3,4,2,0
16,No,2,1,3,4,3,1
18,No,3,2,4,3,3,1
19,Yes,3,3,3,2,2,0
20,No,3,2,1,3,4,1
21,Yes,2,1,2,4,4,2
22,Yes,2,4,4,2,4,2
23,No,3,1,4,3,2,0
24,Yes,3,4,4,3,3,0
26,No,2,1,3,4,4,1
27,No,3,3,1,2,2,0
28,No,3,1,2,3,3,0
30,No,3,3,4,4,3,0
31,No,3,2,1,3,3,0
32,No,2,3,3,4,3,1
33,Yes,3,2,1,2,1,0
35,No,3,3,2,4,3,1
36,No,3,1,4,4,2,1
38,No,2,2,1,4,3,0
39,No,3,3,4,4,3,0
40,Yes,4,4,4,4,3,0
41,No,3,4,3,1,2,0
42,No,4,4,4,3,3,1
45,Yes,2,2,4,1,3,1
46,No,2,4,3,4,4,2
47,Yes,3,1,3,3,2,0
49,No,3,4,4,1,3,0
51,Yes,4,2,1,4,2,1
52,No,3,3,1,1,4,2
53,No,3,3,4,3,3,1
54,No,3,4,1,4,3,1
55,No,2,1,3,3,1,0
56,No,3,4,3,4,3,0
57,No,3,3,4,4,3,0
58,No,3,2,3,4,3,0
60,No,3,2,3,3,3,0
61,No,3,2,2,1,3,0
62,Yes,3,1,4,3,3,0
63,No,3,4,4,4,4,0
64,Yes,3,1,3,4,2,0
65,Yes,2,3,3,3,3,0
68,Yes,2,2,1,3,3,1
70,Yes,3,3,1,3,2,1
72,Yes,2,3,4,3,2,1
73,Yes,3,1,4,3,3,0
74,No,2,2,1,4,3,1
75,Yes,3,3,1,3,3,1
76,No,2,4,4,4,3,1
77,No,4,1,3,3,2,1
78,Yes,3,1,4,2,3,1
79,No,3,4,4,4,3,0
80,Yes,2,2,3,4,2,1
81,No,2,1,1,4,3,0
83,No,3,3,3,2,3,3
84,Yes,3,4,3,3,3,3
85,No,3,2,2,3,2,0
86,No,3,2,1,3,3,1
88,No,2,2,1,4,3,1
90,Yes,2,4,3,1,2,1
91,No,2,1,3,4,2,0
94,No,3,3,2,4,3,1
95,No,3,3,2,2,3,0
96,No,3,2,2,2,3,2
97,No,3,2,4,2,4,0
98,No,3,3,4,4,3,0
100,No,3,3,1,2,2,0
101,Yes,4,4,1,2,3,0
102,No,4,1,3,1,3,0
103,Yes,3,2,2,4,3,1
104,Yes,2,4,4,3,2,2
105,No,3,2,3,1,2,0
106,No,3,1,4,4,3,1
107,Yes,3,2,4,4,1,3
110,No,3,1,2,3,3,0
112,No,2,4,4,1,1,0
113,No,3,3,1,3,3,1
116,No,3,4,4,2,3,2
117,No,3,3,4,1,2,3
118,No,3,3,4,4,2,0
119,No,2,3,2,4,2,1
120,Yes,1,3,4,4,3,0
121,Yes,2,3,2,2,2,3
124,Yes,2,3,1,3,2,1
125,No,3,2,3,1,3,0
126,No,1,1,3,1,3,1
128,No,2,1,3,1,3,1
129,No,4,2,3,2,3,0
131,No,2,4,3,3,3,0
132,No,4,2,2,3,3,1
133,Yes,3,3,1,4,3,0
134,No,3,4,1,4,3,0
137,Yes,3,4,4,2,2,0
138,No,3,1,3,3,3,0
139,No,4,3,4,4,2,1
140,No,3,3,4,4,2,1
141,Yes,2,1,2,1,3,0
142,Yes,3,3,3,4,2,0
143,No,3,4,4,3,2,2
144,No,3,2,4,3,3,0
145,No,2,1,1,3,2,0
147,Yes,3,1,3,4,1,0
148,Yes,3,4,4,3,4,0
150,No,3,2,3,3,3,1
151,No,3,3,2,3,2,1
152,No,3,3,4,1,3,0
153,No,3,3,1,4,2,0
154,No,3,2,4,3,3,1
155,No,3,1,4,1,3,1
158,Yes,4,3,4,4,3,2
159,No,2,1,3,3,1,3
160,No,4,3,2,1,3,1
161,Yes,3,2,2,1,3,3
162,No,3,1,3,3,3,0
163,Yes,2,2,3,2,1,0
164,No,2,3,2,3,2,0
165,No,2,4,4,4,3,1
167,Yes,2,4,3,4,3,0
169,No,3,3,4,3,3,1
170,No,2,3,1,3,3,0
171,No,3,2,3,4,4,0
174,No,3,3,4,4,3,0
175,Yes,3,2,3,3,1,1
176,Yes,3,3,3,3,3,1
177,No,3,3,3,4,3,1
178,No,3,2,2,4,3,2
179,No,3,1,4,4,1,0
182,No,4,4,3,3,2,1
183,No,3,1,3,4,2,0
184,Yes,1,3,4,4,3,0
190,No,4,1,1,1,3,0
192,No,2,3,4,2,3,0
193,Yes,3,4,3,2,3,0
194,No,2,1,3,3,3,0
195,No,4,4,4,4,1,3
197,No,3,4,1,4,3,1
198,No,3,2,4,4,2,0
199,No,2,4,1,2,2,1
200,No,3,3,1,4,3,1
201,No,3,2,2,4,3,0
202,No,3,2,2,1,3,1
204,No,3,3,2,1,3,2
205,Yes,1,2,3,4,3,1
206,No,1,2,2,3,3,1
207,No,3,2,4,4,3,0
208,No,3,4,3,1,3,1
211,No,3,2,3,3,2,0
214,Yes,2,2,2,2,2,1
215,No,2,3,4,1,2,1
216,No,3,3,3,4,3,1
217,No,3,3,4,1,3,2
218,No,1,4,2,4,3,1
221,No,1,3,4,3,3,1
223,Yes,1,3,4,2,4,1
224,Yes,2,3,3,4,2,1
226,No,3,3,2,2,3,0
227,No,3,1,3,1,3,1
228,No,3,2,4,3,3,1
230,No,4,1,4,3,2,0
231,No,3,3,3,1,3,0
233,Yes,2,3,2,4,3,1
235,No,4,3,1,1,1,0
238,No,2,4,2,3,3,0
239,No,3,3,1,3,3,2
240,Yes,4,3,1,1,3,1
241,Yes,3,3,1,3,3,1
242,No,4,3,4,1,3,0
243,No,2,2,4,3,2,0
244,No,3,2,1,3,3,3
245,No,3,3,4,3,3,0
246,Yes,3,3,4,3,3,1
247,No,3,4,2,4,3,0
248,Yes,2,2,2,4,3,0
249,No,2,3,3,4,2,1
250,No,3,4,1,3,4,2
252,No,3,4,2,4,3,1
253,No,3,4,3,2,3,1
254,No,3,3,2,4,4,0
256,No,2,4,3,3,2,0
258,No,3,4,2,3,3,0
259,No,3,3,3,1,2,1
260,No,2,4,2,4,3,0
261,Yes,3,2,3,1,2,0
262,No,4,4,4,4,4,3
264,No,3,1,4,4,2,1
267,Yes,2,2,1,1,4,1
269,No,3,2,2,4,3,0
270,No,3,3,3,2,3,1
271,No,3,4,3,2,3,0
273,No,1,4,4,1,3,1
274,No,3,3,1,3,2,1
275,Yes,3,4,4,1,3,2
277,Yes,4,4,3,4,3,1
281,Yes,4,3,4,3,3,1
282,Yes,3,2,1,2,3,0
283,No,2,2,4,4,3,3
284,Yes,2,4,2,1,4,1
286,No,3,2,4,1,3,0
287,No,1,4,4,4,2,1
288,No,3,4,1,3,3,1
291,No,2,4,4,3,1,0
292,No,3,3,3,3,2,0
293,No,3,4,3,4,3,0
296,No,1,2,2,4,2,2
297,Yes,3,4,1,3,3,0
298,Yes,3,4,4,3,3,0
299,No,2,3,1,3,2,0
300,No,2,3,3,4,3,0
302,No,3,4,4,4,2,0
303,No,3,4,1,4,3,1
304,No,4,4,2,4,3,0
305,No,3,3,2,4,2,0
306,Yes,3,2,4,3,3,3
307,No,2,1,3,3,3,2
308,No,3,3,3,4,1,1
309,No,3,3,4,1,2,1
311,No,3,1,4,3,3,1
312,No,3,2,4,4,3,1
314,No,4,3,3,1,3,0
315,Yes,2,3,4,3,2,0
316,No,2,3,4,2,2,0
319,No,3,3,4,4,3,0
321,No,2,2,3,4,3,0
323,No,2,4,4,3,3,1
325,Yes,1,3,4,3,3,1
327,Yes,3,4,4,3,3,1
328,No,4,1,1,1,3,0
329,Yes,4,1,3,4,2,0
330,No,3,3,2,1,3,1
331,Yes,1,4,3,4,2,0
332,No,3,3,3,3,3,3
333,No,3,3,4,1,3,0
334,No,2,3,1,1,3,2
335,No,3,1,4,1,3,2
336,No,3,3,4,3,4,1
337,No,3,2,3,1,3,1
338,No,2,3,4,3,2,1
339,No,3,4,1,2,2,1
340,No,2,3,1,1,2,1
341,No,3,1,3,4,4,1
342,No,3,1,3,2,3,2
343,No,3,3,3,4,3,0
346,No,3,3,4,1,3,0
347,Yes,3,4,1,3,4,0
349,No,3,4,4,4,3,1
350,No,3,1,3,4,3,2
351,Yes,3,4,1,3,2,1
352,No,3,1,3,4,3,1
353,No,2,3,4,2,3,0
355,No,4,3,2,2,2,0
359,No,1,2,2,3,4,0
361,No,3,4,4,4,2,1
362,No,3,4,1,4,2,0
363,Yes,2,3,2,2,1,1
364,No,1,1,3,3,3,0
366,No,3,1,2,2,2,2
367,No,3,2,4,2,2,1
369,No,3,2,1,4,4,2
372,Yes,3,3,4,2,3,0
373,No,3,4,4,3,3,1
374,Yes,3,4,1,3,3,0
376,Yes,2,1,2,4,3,1
377,No,2,4,4,4,3,1
378,No,4,3,4,2,3,1
379,No,4,4,3,1,2,0
380,Yes,3,1,4,1,3,2
381,No,2,2,2,2,4,1
382,Yes,3,1,1,3,4,1
384,No,1,3,2,1,3,1
385,No,2,1,2,1,3,2
386,Yes,2,3,3,4,3,3
387,No,3,2,3,3,3,0
388,No,2,2,4,1,3,0
389,Yes,3,2,4,4,3,1
390,Yes,3,1,1,3,3,1
391,No,3,4,4,2,3,0
392,Yes,1,4,3,4,3,1
393,No,3,4,4,2,3,1
394,Yes,3,1,2,4,3,1
395,No,3,4,4,4,3,0
396,Yes,3,3,1,4,3,0
397,No,3,3,2,4,3,0
399,No,2,4,2,3,3,1
401,Yes,3,4,4,2,2,0
403,Yes,2,2,4,3,3,3
404,No,4,3,2,4,3,1
405,No,3,3,3,3,3,0
406,No,2,3,2,3,3,2
407,No,3,3,4,4,4,2
408,No,3,4,2,4,1,1
410,No,3,4,2,2,3,0
411,No,3,4,3,1,2,0
412,No,3,2,1,3,4,0
416,No,2,2,4,2,4,1
417,No,2,3,4,1,4,3
419,No,3,2,2,3,3,1
420,No,2,4,3,3,2,1
421,No,3,1,2,3,2,1
422,Yes,3,4,3,4,1,1
423,Yes,3,3,4,3,3,1
424,No,3,1,1,4,2,0
425,No,3,1,1,1,3,1
426,Yes,1,3,4,2,3,1
428,No,3,4,2,2,3,2
429,Yes,3,3,1,4,3,0
430,No,3,3,4,1,3,0
431,Yes,3,3,3,4,2,0
433,No,2,3,2,1,2,0
434,Yes,2,3,2,2,3,0
436,Yes,3,3,2,4,2,0
437,Yes,3,4,3,1,3,0
438,No,3,4,4,4,3,3
439,No,2,1,4,3,4,0
440,Yes,2,1,4,4,1,0
441,No,3,4,4,4,3,2
442,No,3,3,3,1,2,1
444,No,3,3,4,1,2,1
445,Yes,2,4,3,1,3,0
446,No,2,2,4,3,2,0
447,No,3,4,3,2,3,1
448,No,4,3,3,2,2,1
449,Yes,3,3,2,4,3,1
450,No,2,4,3,4,3,0
451,No,2,3,1,1,3,1
452,No,3,4,4,1,3,2
453,Yes,2,2,4,3,1,3
454,Yes,2,2,1,4,1,0
455,No,3,2,4,3,2,0
456,No,3,4,3,3,2,3
458,No,3,2,2,1,3,1
460,No,2,4,4,3,3,2
461,Yes,3,3,4,2,2,1
462,Yes,2,3,4,3,3,0
463,Yes,3,4,2,1,2,2
464,No,3,3,2,4,3,0
465,No,2,3,4,3,3,2
466,Yes,3,4,2,4,2,0
467,No,3,2,3,1,3,0
468,No,3,1,4,2,3,0
469,No,2,4,3,1,3,1
470,Yes,3,3,3,3,3,1
471,No,3,3,2,3,3,1
473,No,1,1,3,2,3,1
474,Yes,3,3,1,1,4,2
475,Yes,4,4,3,2,3,1
476,No,3,3,3,2,3,1
477,No,3,1,4,2,2,0
478,Yes,3,1,2,3,2,0
479,No,3,4,4,2,3,0
481,No,3,1,4,1,2,1
482,No,3,4,3,3,3,0
483,Yes,3,4,3,3,4,1
484,No,2,1,4,3,3,0
485,Yes,3,4,3,2,3,0
486,No,3,3,1,2,3,1
487,No,4,3,3,3,3,0
488,No,3,1,2,3,3,0
491,No,3,4,4,4,2,0
492,Yes,3,3,3,1,2,2
493,Yes,3,3,2,4,2,0
494,No,3,3,2,4,4,0
495,No,3,4,4,4,3,0
496,No,3,3,2,3,2,0
497,No,3,4,2,2,3,1
498,No,3,2,4,4,3,0
499,No,3,2,3,3,2,0
500,No,2,3,4,3,3,1
501,No,3,4,3,2,3,1
502,Yes,2,1,4,2,4,0
505,Yes,3,3,4,3,3,0
507,Yes,4,4,3,4,3,1
508,No,3,3,2,1,3,1
510,No,3,3,1,3,3,0
511,No,3,1,2,4,3,1
513,No,3,2,3,2,2,2
514,Yes,3,3,4,3,3,0
515,No,2,4,1,3,3,1
516,No,3,4,2,3,3,2
517,No,3,2,1,2,3,1
518,Yes,2,3,2,4,3,0
520,No,3,1,2,3,2,1
521,No,3,2,3,2,2,1
522,No,2,1,1,3,3,1
523,No,3,3,3,1,3,1
524,No,1,2,1,2,3,1
525,No,3,4,4,1,3,1
526,Yes,3,3,3,4,3,0
527,Yes,3,2,4,2,2,0
529,Yes,3,2,3,1,3,2
530,No,3,4,1,3,2,1
531,Yes,3,2,3,3,3,1
532,No,2,3,1,4,4,3
533,No,3,2,3,2,3,0
534,No,3,2,1,3,4,1
536,No,3,3,1,4,3,1
538,No,3,1,1,3,3,1
543,Yes,3,4,3,3,2,0
544,No,2,1,4,4,3,2
546,No,1,4,4,4,3,0
547,No,3,1,3,2,3,1
548,No,3,3,4,3,1,0
549,No,1,1,1,4,3,0
550,No,2,3,3,3,3,1
551,No,4,4,4,4,2,3
554,Yes,3,1,2,2,3,0
555,No,2,4,3,4,1,1
556,Yes,3,4,4,3,3,1
558,No,3,3,3,4,3,0
560,No,1,1,4,2,3,2
562,No,1,3,4,3,3,1
564,No,3,2,3,3,2,0
565,No,4,3,2,2,2,0
566,No,4,1,4,3,2,0
567,No,3,3,1,3,3,0
568,No,2,1,4,3,2,1
569,No,3,2,3,2,2,1
571,No,2,3,4,3,3,0
573,No,4,3,1,4,2,0
574,No,3,1,4,3,3,3
575,No,1,1,3,3,3,0
577,No,3,4,3,3,1,0
578,No,3,3,3,3,3,0
579,No,3,4,3,3,2,1
580,Yes,3,3,4,3,2,1
581,No,4,3,2,4,3,1
582,Yes,4,2,3,4,3,0
584,No,3,1,4,1,1,3
585,No,3,4,2,1,3,0
586,Yes,3,4,3,3,3,0
587,No,3,1,3,1,3,0
590,Yes,3,2,1,3,3,3
591,No,3,2,3,4,3,1
592,No,2,2,4,4,3,0
593,No,3,3,3,3,2,0
595,No,3,2,4,1,3,1
597,No,3,1,2,4,3,0
599,No,3,4,4,4,3,0
600,No,3,2,3,3,3,0
601,No,3,2,3,3,3,0
602,No,3,3,3,1,3,1
604,Yes,4,2,4,3,3,0
605,Yes,2,4,1,4,3,1
606,No,4,4,2,2,3,1
608,Yes,2,2,3,2,3,1
611,No,4,4,4,2,3,2
612,No,3,1,3,3,4,1
613,No,2,3,4,3,2,1
614,Yes,3,2,2,4,3,0
615,No,3,3,1,3,1,1
616,Yes,3,1,3,1,2,0
618,No,3,1,3,1,3,2
620,No,3,1,3,4,3,0
621,No,3,4,4,4,4,0
622,Yes,1,3,4,2,1,0
623,No,4,2,4,4,3,0
624,No,2,1,3,4,3,0
625,No,3,2,1,2,3,1
626,No,3,1,2,4,3,1
630,Yes,3,4,1,2,3,2
631,No,3,4,3,4,4,0
632,No,3,4,4,3,3,2
634,No,3,3,3,3,3,1
635,No,2,2,2,2,3,1
638,Yes,3,4,3,3,2,1
639,Yes,3,2,4,2,4,2
641,No,4,1,2,4,3,2
643,No,3,4,2,4,2,1
644,No,3,1,2,3,3,1
645,No,3,2,3,3,3,0
647,Yes,3,1,3,4,3,1
648,No,4,2,1,3,2,1
649,Yes,3,2,4,4,2,1
650,No,1,2,1,3,3,0
652,No,3,1,4,4,2,0
653,No,4,1,4,4,4,2
655,No,2,1,3,3,2,2
656,Yes,2,4,3,3,3,1
657,No,4,4,2,4,2,0
659,No,3,3,4,2,3,2
661,Yes,2,2,4,3,2,1
662,No,2,3,1,4,3,0
663,Yes,3,4,3,2,3,1
664,No,1,4,1,1,2,1
665,No,4,1,3,2,2,0
666,Yes,3,3,3,4,3,2
667,No,3,3,1,2,3,1
669,No,3,3,3,3,3,0
671,Yes,4,4,4,1,3,1
675,No,3,1,3,4,3,0
677,No,3,3,3,4,3,0
679,Yes,2,1,4,4,3,1
680,No,3,3,3,3,3,1
682,No,4,4,1,4,3,0
683,No,2,2,4,4,3,1
684,No,3,1,1,4,3,2
686,Yes,3,3,4,3,3,1
689,No,3,3,3,3,3,1
690,No,2,2,3,1,3,1
691,No,3,2,4,2,1,0
692,No,1,3,4,3,3,1
698,No,4,3,2,3,3,1
699,Yes,3,2,2,3,2,1
700,No,3,1,4,4,2,0
701,Yes,3,4,3,4,3,0
702,Yes,3,1,1,1,3,0
704,No,3,3,3,3,2,2
705,No,4,1,1,1,4,1
707,No,3,4,2,3,4,1
709,No,3,4,4,1,2,0
710,No,3,2,4,4,1,1
712,No,3,2,2,4,4,0
714,Yes,3,4,4,2,4,2
715,No,3,4,4,1,4,0
716,Yes,3,4,3,3,4,3
717,No,4,4,2,2,2,0
720,No,3,1,3,1,3,0
721,No,3,4,3,1,2,0
722,No,2,4,4,4,3,0
723,Yes,3,2,3,1,3,1
724,No,2,2,4,3,4,0
725,No,3,3,1,4,3,0
727,No,3,3,4,4,3,0
728,No,3,4,1,4,3,0
729,Yes,3,4,1,3,2,1
730,No,3,3,3,3,4,0
731,No,2,2,4,2,2,3
732,No,3,1,1,4,3,0
733,No,2,4,1,3,3,2
734,No,3,4,3,2,2,1
738,No,3,4,2,4,3,1
741,Yes,3,1,2,4,1,0
742,No,3,1,1,1,4,1
743,Yes,4,3,3,4,3,0
744,No,3,1,3,3,1,0
746,Yes,2,4,3,4,3,2
747,No,2,3,4,4,3,1
749,No,3,3,3,3,3,0
752,Yes,3,3,3,4,4,0
754,No,3,4,4,3,2,1
757,No,3,2,3,4,3,0
758,No,4,2,1,4,3,1
760,No,1,3,2,3,4,1
762,No,2,3,4,3,3,0
763,Yes,2,4,4,4,2,0
764,No,1,4,1,1,2,0
766,No,3,4,2,4,3,2
769,No,3,4,4,4,3,0
771,No,4,4,1,1,3,1
772,No,3,1,4,4,3,2
773,Yes,1,4,3,2,3,1
775,No,3,2,1,3,3,1
776,No,4,3,1,1,2,0
780,Yes,2,4,4,3,3,0
781,No,2,3,4,2,3,0
783,No,3,2,3,1,1,0
784,No,3,1,3,4,4,0
785,Yes,3,2,3,4,4,0
786,No,3,4,4,3,3,0
787,Yes,3,4,1,4,3,1
789,No,3,1,1,2,2,0
791,No,3,4,4,1,3,1
792,No,3,1,4,1,1,1
793,No,2,2,3,1,3,1
796,No,2,4,1,3,2,0
797,No,3,2,4,3,4,0
799,Yes,3,4,1,2,3,2
800,No,3,3,4,2,3,1
802,Yes,2,4,1,2,3,2
803,Yes,3,1,1,4,4,0
804,No,3,3,1,3,2,0
805,No,2,1,4,2,3,1
806,No,3,4,3,3,1,2
807,No,3,3,2,4,4,1
808,No,3,3,1,2,3,1
809,No,2,2,4,2,3,1
811,Yes,3,3,1,3,4,2
812,No,3,3,2,3,2,3
813,No,3,4,3,2,3,1
815,No,3,3,3,4,3,0
816,Yes,3,2,1,4,2,1
817,No,4,3,3,4,3,0
819,No,3,1,1,3,3,0
820,Yes,2,3,4,3,3,1
823,No,3,3,2,1,3,1
824,No,3,3,3,3,4,1
825,Yes,3,4,2,4,3,0
826,No,3,4,3,3,4,0
827,Yes,3,4,4,4,2,1
828,No,2,3,3,4,3,0
829,No,3,3,2,2,3,1
830,No,3,3,3,3,2,1
832,No,3,1,3,4,2,0
833,Yes,2,3,4,2,2,0
834,No,3,2,3,4,2,0
836,No,2,2,2,4,3,1
837,No,2,1,1,3,2,1
838,No,3,3,4,3,2,0
840,No,4,3,4,1,3,2
842,No,2,3,4,3,3,0
843,No,3,2,1,3,3,1
844,Yes,3,3,4,2,2,1
845,No,4,3,3,2,3,0
846,Yes,3,2,2,1,3,0
847,No,1,3,4,3,3,1
848,Yes,3,3,3,1,2,1
850,No,2,4,4,3,3,3
851,No,2,1,3,3,3,1
852,No,2,4,2,4,3,0
854,No,2,1,1,3,4,0
855,No,3,1,1,1,4,1
856,No,2,3,1,4,2,0
857,Yes,2,2,4,4,3,1
859,No,2,2,4,3,3,1
861,No,2,2,4,2,2,1
862,Yes,3,1,4,4,2,1
864,Yes,3,4,1,3,3,1
865,No,2,3,3,3,4,1
867,No,3,3,4,3,2,0
868,No,3,4,3,4,2,2
869,No,3,2,4,4,2,1
872,No,1,4,4,1,2,2
874,Yes,2,1,4,3,4,1
875,Yes,3,2,4,4,3,0
878,No,3,1,1,3,2,0
879,Yes,3,3,1,4,3,0
880,Yes,3,4,3,2,2,1
881,Yes,2,4,2,1,3,1
882,No,3,4,4,2,3,1
885,No,4,3,1,1,2,0
887,No,3,3,1,2,3,1
888,No,2,1,4,4,2,0
889,No,3,2,2,4,3,1
893,No,3,2,2,4,2,1
894,Yes,2,3,4,2,4,1
895,Yes,3,4,4,2,3,1
896,Yes,3,2,3,3,2,3
897,No,3,1,4,3,3,1
899,No,3,4,2,1,2,0
900,No,3,3,4,2,3,1
901,No,3,4,4,3,3,0
902,No,2,4,4,2,3,1
903,Yes,3,3,4,1,3,1
904,Yes,3,1,2,4,3,0
905,No,3,1,1,4,3,1
909,No,3,4,4,3,2,2
910,Yes,4,4,2,3,3,1
911,Yes,1,1,4,3,3,0
912,No,3,1,4,3,2,3
913,Yes,3,2,1,4,3,0
916,No,3,1,4,2,3,0
918,Yes,2,4,4,4,2,1
920,No,4,1,2,3,3,1
922,No,2,3,3,4,2,0
923,No,2,4,4,1,3,0
924,Yes,2,3,4,1,3,1
925,Yes,2,4,4,1,2,0
926,Yes,4,2,3,1,3,1
927,Yes,2,2,4,3,1,1
930,No,3,3,3,2,3,1
932,Yes,1,4,1,4,3,0
933,No,3,2,3,3,3,0
934,No,3,2,2,2,3,2
936,No,3,3,3,1,2,0
939,Yes,3,3,1,2,2,0
940,Yes,3,3,2,4,2,1
941,No,4,2,3,2,2,0
942,Yes,1,4,4,4,3,1
944,No,2,1,2,3,3,1
945,No,2,4,3,1,3,2
947,No,2,4,3,4,3,1
949,No,3,2,4,3,3,0
950,No,3,4,1,2,3,1
951,No,3,3,2,3,2,0
952,Yes,3,3,2,3,2,3
954,No,2,1,2,2,2,1
956,No,3,3,1,2,2,0
957,Yes,3,4,1,3,3,0
958,No,3,3,3,3,3,0
959,Yes,4,4,2,2,2,0
960,No,3,1,1,2,3,0
961,Yes,1,4,4,3,3,2
964,Yes,3,4,2,4,3,1
966,No,4,3,1,3,3,1
967,Yes,3,3,4,1,2,1
969,No,3,2,4,1,2,0
970,No,1,1,3,3,2,0
972,No,2,3,2,2,3,0
974,No,3,3,4,2,3,1
975,No,3,3,3,2,3,0
976,No,2,4,4,2,3,1
977,No,3,4,3,1,3,0
981,No,4,3,3,3,3,1
982,No,4,3,3,1,3,1
983,Yes,3,3,4,2,3,0
984,No,3,4,4,2,3,1
985,No,3,1,3,4,4,0
986,Yes,2,2,2,4,4,0
987,Yes,4,3,3,3,4,0
990,No,3,1,4,4,3,2
991,Yes,3,3,1,1,2,0
992,No,3,4,3,4,3,0
994,Yes,3,4,1,3,2,0
995,No,3,2,4,1,3,0
996,No,3,4,4,4,3,2
997,No,2,4,4,3,3,1
998,Yes,3,3,2,1,4,1
999,No,4,1,3,2,3,1
1001,No,3,3,2,2,3,1
1002,Yes,3,4,1,3,3,1
1003,Yes,3,4,4,3,3,0
1004,Yes,3,1,3,2,3,0
1005,Yes,3,4,3,4,3,1
1006,No,2,3,3,2,3,1
1007,No,3,4,3,2,3,1
1009,No,3,4,3,2,2,2
1010,Yes,1,3,2,4,2,1
1011,No,3,3,1,3,3,1
1012,No,3,2,4,4,3,0
1013,No,3,3,3,3,3,1
1014,Yes,2,3,3,3,3,1
1015,Yes,2,2,1,3,4,3
1016,Yes,3,4,1,1,2,0
1017,No,3,2,2,1,3,0
1018,No,3,4,4,2,4,0
1019,No,2,2,1,1,1,1
1022,No,3,1,3,4,2,0
1024,No,3,3,3,2,2,0
1025,No,3,4,3,2,3,0
1026,No,3,4,4,3,2,1
1027,No,3,1,4,2,3,1
1028,No,2,2,4,1,3,1
1029,No,4,4,3,2,3,0
1030,No,3,1,4,2,3,0
1032,Yes,3,3,4,1,2,0
1033,No,1,1,2,1,1,0
1034,Yes,3,3,2,4,3,2
1035,No,3,2,3,2,1,2
1036,Yes,3,2,4,3,3,0
1037,No,3,2,1,4,1,0
1038,No,3,1,4,4,1,1
1039,Yes,3,4,4,3,4,1
1040,No,3,4,3,1,3,1
1042,No,3,3,1,3,4,0
1043,Yes,3,4,1,3,3,0
1044,No,2,2,4,4,2,0
1045,No,4,4,4,2,3,1
1046,No,3,4,3,2,3,0
1047,No,2,2,4,4,4,1
1048,Yes,1,2,4,3,3,1
1049,No,3,2,2,1,3,0
1050,No,3,3,2,1,2,1
1052,No,2,1,3,2,3,1
1053,Yes,3,1,1,2,3,1
1055,Yes,3,3,3,4,3,1
1056,No,3,4,2,2,3,0
1060,No,3,3,3,1,3,1
1061,Yes,2,2,3,4,3,1
1062,No,2,4,2,1,3,0
1066,No,2,3,1,2,3,1
1068,No,3,1,3,3,2,2
1069,No,3,4,4,4,3,2
1070,No,3,3,3,2,2,1
1071,No,3,1,3,2,3,1
1073,No,2,4,4,2,2,0
1074,No,4,3,1,2,2,0
1076,No,3,3,4,3,2,1
1077,Yes,3,4,4,2,3,0
1079,No,2,3,1,1,2,0
1080,Yes,3,4,1,1,2,3
1081,Yes,4,1,3,3,3,3
1082,No,2,2,1,1,2,0
1083,No,3,1,1,1,2,2
1084,No,2,3,1,3,3,1
1085,No,3,2,3,3,4,0
1088,No,2,3,3,1,2,1
1092,No,3,1,4,4,3,1
1094,No,3,1,3,4,1,3
1096,No,3,4,2,2,3,1
1097,No,4,3,3,4,3,0
1098,No,3,2,1,4,2,1
1099,No,3,4,4,3,2,1
1100,Yes,3,4,1,1,3,0
1101,No,3,1,3,2,2,0
1102,No,2,1,3,4,3,1
1103,No,2,1,4,3,3,0
1105,Yes,3,4,4,3,2,3
1106,Yes,4,4,4,2,3,1
1107,No,2,1,3,3,3,1
1108,Yes,3,1,2,2,2,0
1109,No,3,4,1,4,3,1
1111,No,3,1,2,1,2,2
1113,Yes,3,4,3,4,3,0
1114,No,3,4,2,3,3,1
1115,No,3,3,4,4,2,3
1116,No,2,1,4,3,4,0
1117,No,3,2,3,4,2,1
1118,No,3,2,2,4,3,0
1119,Yes,3,3,3,2,2,2
1120,No,3,3,4,1,3,1
1121,No,2,4,2,2,3,3
1124,No,3,1,3,4,3,1
1125,No,3,4,2,3,3,0
1126,No,3,3,1,3,3,1
1127,No,3,1,4,4,3,3
1128,No,4,3,3,1,2,0
1131,Yes,4,4,2,3,2,0
1132,No,2,3,2,3,3,0
1133,No,3,1,4,1,3,0
1135,No,3,3,4,1,4,1
1136,No,1,1,2,1,2,0
1137,No,3,4,4,4,3,1
1138,No,3,4,2,2,2,1
1140,No,2,4,3,4,3,0
1143,No,2,4,2,4,3,2
1148,No,3,2,4,1,1,0
1150,Yes,2,2,4,3,2,1
1152,No,4,3,3,4,4,1
1154,Yes,3,3,3,4,2,1
1156,No,3,3,3,4,3,0
1157,Yes,3,1,1,1,3,0
1158,Yes,3,2,4,1,3,1
1160,No,2,3,3,3,3,1
1161,No,3,3,4,3,2,2
1162,No,3,4,3,3,2,1
1163,No,2,2,3,1,3,0
1164,No,1,3,3,2,3,0
1165,No,1,4,1,1,2,1
1166,No,2,2,3,3,3,0
1167,Yes,2,3,1,2,3,0
1171,No,4,2,1,4,3,0
1172,No,3,4,3,2,2,1
1173,No,3,4,2,4,3,0
1175,Yes,2,3,4,4,3,0
1177,No,3,1,4,2,4,1
1179,No,3,3,3,1,2,1
1180,Yes,1,3,4,4,2,1
1182,No,4,3,2,2,2,1
1184,No,3,4,1,3,2,0
1185,No,4,4,4,2,2,1
1188,No,2,1,3,2,1,0
1190,No,3,3,1,3,3,3
1191,No,3,4,1,4,3,1
1192,No,3,2,4,1,3,1
1193,No,3,3,1,3,3,0
1195,Yes,2,1,3,3,3,1
1196,No,2,4,4,2,2,1
1198,No,2,1,3,1,2,0
1200,Yes,3,3,3,3,3,0
1201,No,3,4,3,2,3,1
1202,Yes,2,2,4,1,1,1
1203,Yes,3,3,4,2,2,1
1204,No,3,3,1,1,3,0
1206,No,3,4,3,4,1,0
1207,No,3,2,3,4,3,1
1210,No,1,1,1,1,2,1
1211,No,3,3,1,3,3,3
1212,No,3,2,2,4,3,3
1215,No,3,4,1,3,3,1
1216,No,3,4,1,3,2,3
1217,No,3,4,2,1,3,1
1218,Yes,3,3,1,4,3,3
1219,No,1,4,2,1,3,1
1220,No,2,2,3,1,3,1
1221,No,3,3,3,3,1,1
1224,No,2,3,3,1,3,3
1225,No,3,4,4,2,3,0
1226,No,3,3,4,4,4,0
1228,No,2,4,4,3,3,1
1231,No,4,4,1,1,4,1
1233,Yes,3,2,4,2,4,1
1234,No,3,3,2,3,2,1
1235,Yes,3,4,3,4,3,0
1237,Yes,3,3,1,3,1,1
1238,No,3,1,4,2,3,1
1239,No,4,2,2,2,2,1
1240,No,3,3,4,2,3,0
1241,Yes,3,4,2,1,3,1
1242,Yes,3,1,1,3,3,0
1243,Yes,2,3,4,2,2,1
1244,Yes,2,1,1,4,3,2
1245,No,1,4,3,1,3,1
1246,No,3,1,4,4,4,1
1248,Yes,4,1,2,2,2,0
1249,No,3,1,4,1,3,3
1250,No,3,4,4,1,3,0
1251,Yes,2,3,1,4,3,0
1252,No,3,3,1,2,2,0
1254,No,3,3,4,4,2,0
1255,No,3,3,4,2,1,1
1256,No,4,1,3,3,2,1
1257,No,2,3,2,3,3,0
1258,No,2,4,2,3,4,0
1259,No,3,1,3,2,3,3
1260,Yes,3,3,4,2,3,2
1263,No,4,4,4,3,2,0
1264,No,2,4,4,2,2,2
1265,No,2,3,3,4,4,0
1267,No,3,2,2,3,3,1
1268,Yes,3,4,3,4,4,2
1269,Yes,3,2,4,4,4,0
1270,No,3,4,3,4,3,1
1273,Yes,3,3,4,4,1,0
1275,Yes,2,3,4,2,3,0
1277,Yes,3,1,2,1,1,0
1278,Yes,3,4,2,4,2,1
1279,No,1,1,3,3,2,0
1280,No,3,4,2,3,2,1
1281,Yes,3,3,1,4,3,0
1282,Yes,2,4,2,1,3,1
1283,No,2,4,4,4,3,0
1285,No,4,3,2,3,3,2
1286,Yes,2,4,3,3,3,0
1288,No,2,3,1,4,4,2
1289,No,4,3,2,4,2,2
1291,Yes,3,3,3,4,3,0
1292,Yes,3,2,2,4,4,0
1293,No,4,4,4,4,2,0
1294,Yes,3,3,2,4,3,0
1295,No,3,1,4,4,3,1
1296,Yes,3,4,4,2,2,1
1297,No,2,2,3,2,2,0
1298,Yes,3,3,3,3,3,0
1299,Yes,3,2,3,1,3,2
1301,No,2,4,1,2,3,0
1303,No,2,4,2,4,3,0
1304,No,4,3,4,3,4,2
1306,No,3,2,2,3,3,0
1307,Yes,3,3,2,4,2,2
1308,No,3,1,3,4,3,2
1309,No,3,4,3,1,3,1
1310,No,3,3,1,1,3,0
1311,No,3,1,4,1,2,1
1312,No,3,4,3,1,3,0
1314,No,4,4,1,3,3,0
1315,No,3,3,4,1,1,3
1317,Yes,3,4,1,2,3,0
1318,Yes,3,4,2,3,2,0
1319,Yes,2,2,2,3,3,0
1321,Yes,3,2,1,4,3,2
1322,No,3,1,3,1,3,0
1324,Yes,2,4,3,1,3,1
1329,No,3,3,2,1,1,0
1331,Yes,4,4,2,1,3,0
1333,No,4,1,1,3,3,0
1334,Yes,2,3,3,4,3,0
1336,No,3,4,3,4,1,1
1338,No,3,4,2,1,3,0
1340,No,3,3,3,2,3,1
1344,No,2,4,4,4,3,1
1346,No,3,3,4,3,3,0
1349,No,3,3,1,4,3,1
1350,Yes,3,3,3,2,3,0
1352,Yes,3,3,2,2,3,1
1355,No,3,2,1,4,3,1
1356,No,4,3,1,4,3,0
1358,No,2,4,4,3,3,3
1360,Yes,2,3,1,4,2,0
1361,No,3,2,2,3,3,1
1362,No,2,1,1,4,4,1
1363,No,3,4,4,3,3,0
1364,No,3,3,4,2,4,1
1367,No,2,4,2,2,2,0
1368,No,4,4,4,3,3,0
1369,No,3,4,4,2,2,1
1371,No,3,4,4,2,1,0
1372,Yes,2,1,3,3,4,0
1373,Yes,3,4,2,1,3,1
1374,No,3,1,3,3,2,3
1375,No,3,2,3,2,4,3
1377,No,3,2,3,1,3,2
1379,No,4,3,4,3,2,0
1380,Yes,2,4,3,3,3,1
1382,No,3,4,3,4,4,3
1383,No,4,3,4,4,3,0
1387,No,3,3,1,3,2,1
1389,Yes,2,4,3,4,3,2
1390,Yes,4,1,4,4,2,2
1391,No,3,2,2,2,3,0
1392,Yes,2,4,4,1,3,2
1394,Yes,3,3,3,4,3,0
1395,No,4,2,4,1,3,0
1396,Yes,2,3,2,1,3,3
1397,No,3,3,3,2,3,1
1399,No,2,1,3,2,4,0
1401,Yes,2,4,3,2,4,1
1402,Yes,1,1,3,1,2,0
1403,Yes,3,4,4,4,2,0
1405,Yes,3,4,3,4,3,0
1407,No,3,1,4,4,2,0
1408,No,3,3,1,3,3,1
1955,No,3,3,4,2,3,1
1662,No,3,4,3,3,2,0
1630,No,3,3,3,4,3,1
2000,No,1,3,2,1,3,2
1839,No,1,2,3,3,3,0
1929,No,3,1,3,3,1,1
1495,No,3,4,2,3,3,1
1756,No,2,4,2,4,3,0
1900,No,3,4,4,2,3,1
2025,No,3,4,2,2,3,3
1760,No,2,3,2,2,2,1
1870,No,2,4,1,4,2,1
1985,No,4,4,3,1,3,1
1513,No,3,4,2,3,3,3
1633,No,1,1,3,4,3,0
1480,No,3,1,4,3,3,0
1745,No,3,4,1,4,2,0
1481,No,2,1,3,3,3,1
1833,No,3,1,1,4,3,2
1987,No,3,3,2,3,3,0
1625,No,3,4,3,3,3,1
1461,No,3,4,2,4,4,0
1916,No,2,1,3,2,4,1
1829,No,3,2,1,2,3,1
1822,No,3,3,4,4,3,1
1762,No,3,4,1,3,2,1
1658,No,3,4,2,3,3,1
1635,No,3,4,4,1,2,2
1656,No,3,4,1,3,2,3
1502,No,3,1,2,4,2,0
1866,No,3,1,3,4,2,0
1786,No,3,1,3,4,3,0
1701,No,3,2,4,2,2,0
1647,No,3,2,3,1,4,0
1409,No,1,3,1,3,3,0
2015,No,3,2,3,1,1,1
1640,No,1,2,2,1,3,1
1544,No,3,3,1,3,1,1
2052,No,3,3,4,4,1,1
1802,No,2,3,1,4,3,1
1617,No,2,3,1,4,3,1
1576,No,2,3,1,4,3,1
1447,No,2,4,2,1,2,1
1555,No,3,4,2,1,2,1
1782,No,3,4,3,2,2,1
1687,No,2,4,3,4,3,1
1709,No,3,4,3,3,3,1
1830,No,2,4,4,2,3,1
1628,No,3,1,3,4,2,2
1655,No,3,1,2,2,3,2
1969,No,2,1,3,3,3,2
1443,No,4,1,3,2,3,2
1888,No,2,2,4,4,2,2
1651,No,3,2,1,3,3,2
1607,No,3,2,4,4,4,2
2051,No,3,3,3,2,3,3
1430,No,4,1,2,3,3,0
1411,No,3,1,3,1,3,0
1816,No,3,1,3,2,3,0
1525,No,3,2,2,4,3,0
1856,No,3,2,3,3,3,0
2010,No,3,3,2,3,2,0
1735,No,1,3,2,3,3,0
1751,No,2,3,4,3,3,0
2054,No,1,4,1,2,2,0
1529,No,1,4,2,4,2,0
1719,No,3,4,2,3,2,0
1422,No,2,4,4,4,3,0
1863,No,3,1,1,4,4,1
1557,No,3,3,3,3,3,1
1428,No,3,4,1,2,3,2
1676,No,3,2,2,3,4,3
2041,No,3,1,4,3,3,1
2045,No,2,2,4,1,2,1
2056,No,2,2,4,1,2,1
1986,No,3,2,2,3,3,1
1875,No,3,2,2,4,3,1
1527,No,4,3,2,4,3,1
1935,No,3,4,1,3,2,1
1598,No,3,4,1,3,3,1
1784,No,3,1,4,1,2,2
2024,No,3,1,4,3,2,2
1673,No,3,1,4,1,3,2
1436,No,2,3,1,1,2,2
2016,No,3,3,4,3,3,2
1898,No,2,1,3,2,4,0
1583,No,4,2,2,2,3,0
1585,No,3,2,3,1,3,0
1657,No,3,3,3,1,3,0
1710,No,2,3,4,3,3,0
1779,No,3,4,4,1,1,0
2060,No,3,4,3,4,2,0
2046,No,3,4,3,3,3,0
1757,No,4,4,4,3,3,0
1858,No,3,3,4,2,3,1
1805,No,3,1,2,4,3,3
1722,No,3,3,2,2,1,1
1804,No,3,2,4,3,3,1
1468,No,3,4,2,3,2,1
1482,No,2,3,3,2,3,2
1449,No,4,3,3,3,3,2
1771,No,2,4,2,4,3,2
1994,No,2,2,3,3,2,3
1934,No,4,3,2,3,3,1
1574,No,2,4,1,2,3,1
1813,No,2,1,3,3,3,0
2057,No,3,2,1,2,3,0
1764,No,3,2,2,2,3,0
1471,No,3,3,3,4,2,0
1947,No,2,3,3,3,3,0
1440,No,1,3,3,1,4,0
1976,No,3,4,3,4,2,0
2022,No,2,4,4,3,3,0
2019,No,2,1,4,2,3,2
1612,No,3,1,1,1,2,1
1731,No,1,3,2,4,3,1
1801,No,3,2,2,3,2,0
1563,No,3,3,3,3,3,0
1746,No,3,1,4,4,3,1
1590,No,4,1,4,4,3,1
1615,No,3,3,4,1,4,1
1485,No,2,2,1,4,3,2
1431,No,3,4,1,3,3,2
1653,No,3,4,3,3,4,2
1941,No,3,2,4,4,3,0
1852,No,4,4,4,2,3,0
1997,No,3,1,3,4,2,1
1720,No,2,1,3,1,3,1
1918,No,3,3,4,1,4,1
2061,No,3,3,4,3,4,1
1597,No,2,4,3,2,2,1
1668,No,4,4,4,4,3,2
1922,No,3,2,3,3,3,0
1412,No,3,3,4,3,3,0
1648,No,2,4,4,3,3,0
1812,No,3,3,4,4,3,1
1700,No,2,3,4,3,1,2
2065,No,2,4,2,4,2,0
1477,No,3,4,1,1,3,2
1507,No,3,3,1,4,3,0
1613,No,3,4,1,4,3,0
1853,No,4,4,4,3,3,0
1794,No,2,3,2,3,3,0
1865,No,3,4,2,4,2,0
1419,No,2,2,1,1,2,0
1778,No,3,2,4,2,3,0
1694,No,3,1,2,4,2,1
1506,No,1,1,3,4,2,1
1892,No,3,1,1,1,3,1
1881,No,3,2,3,1,3,1
1627,No,3,3,3,4,2,1
1474,No,4,3,3,3,3,1
1857,No,2,4,4,3,3,1
1599,No,3,4,2,3,4,1
1940,No,4,2,4,4,3,2
1424,No,4,2,4,4,4,2
1484,No,3,3,2,2,3,2
1859,No,3,4,3,4,1,2
1619,No,3,4,1,1,2,2
1671,No,2,4,2,3,3,2
1553,No,3,1,2,1,3,3
1725,No,4,2,1,2,3,3
1551,No,3,3,1,2,2,3
1871,No,3,4,4,2,3,3
2031,No,2,1,3,1,3,0
1543,No,3,1,4,1,3,0
1434,No,4,2,1,2,3,0
1621,No,3,2,1,4,4,0
2068,No,4,2,3,1,4,0
1689,No,3,2,4,3,4,0
1867,No,3,4,2,4,2,0
1989,No,2,4,2,3,3,0
1954,No,2,1,1,1,3,1
1473,No,2,1,3,2,3,1
1971,No,3,1,3,2,3,1
1415,No,2,1,4,2,3,1
1438,No,2,1,4,3,3,1
1826,No,4,2,3,2,1,1
1609,No,2,2,2,2,2,1
1696,No,4,2,4,3,2,1
1931,No,2,2,2,3,3,1
1721,No,4,2,3,4,3,1
1729,No,2,2,4,2,3,1
1580,No,2,2,4,2,3,1
1903,No,3,2,1,4,4,1
1542,No,3,3,2,2,2,1
1601,No,2,3,4,4,2,1
1911,No,4,3,1,2,3,1
1799,No,4,3,4,3,3,1
1763,No,3,3,3,3,4,1
1707,No,3,3,3,4,4,1
2062,No,3,4,1,1,2,1
1523,No,4,4,1,3,3,1
1728,No,3,4,3,2,3,1
1798,No,3,4,1,2,4,1
1592,No,3,4,3,4,4,1
1682,No,2,1,3,2,3,2
2012,No,2,1,4,3,3,2
1803,No,2,2,1,3,4,2
1596,No,2,2,3,4,4,2
1514,No,2,3,2,2,1,2
1558,No,2,3,3,1,4,2
1618,No,3,2,1,4,3,3
1698,No,3,2,2,4,4,3
1770,No,3,3,1,2,2,3
1631,No,2,3,3,1,3,3
1718,No,4,4,3,3,1,3
1435,No,2,1,4,3,2,0
1659,No,3,1,2,3,3,0
1533,No,3,1,3,2,3,0
1577,No,1,1,4,3,3,0
2014,No,3,1,4,1,3,0
1981,No,2,2,3,2,2,0
2008,No,3,2,3,2,3,0
1814,No,1,2,2,1,4,0
2048,No,3,3,3,4,2,0
1952,No,2,3,1,4,3,0
1727,No,3,3,2,4,3,0
1677,No,3,3,3,1,3,0
1623,No,3,3,4,3,3,0
1417,No,3,3,1,4,4,0
1564,No,3,4,1,2,2,0
1545,No,3,4,2,4,2,0
1883,No,3,4,1,2,3,0
2038,No,3,4,1,4,3,0
1475,No,2,4,2,3,3,0
1860,No,3,4,3,4,3,0
2007,No,4,4,3,4,3,0
1982,No,4,4,4,3,3,0
1472,No,2,4,2,2,4,0
1453,No,3,1,4,1,3,1
1754,No,3,3,1,1,2,1
2037,No,3,3,2,3,2,1
1951,No,2,4,3,3,3,1
1497,No,3,3,3,3,2,2
1670,No,3,4,4,3,3,2
1466,No,3,3,1,1,3,3
1548,No,4,1,1,4,3,0
1560,No,1,1,1,4,3,1
1996,No,3,1,3,3,3,1
1749,No,3,1,3,3,3,1
2013,No,3,2,2,2,2,1
1945,No,1,2,1,4,3,1
1568,No,3,3,2,2,3,1
1582,No,3,3,2,4,3,1
1739,No,1,4,3,3,1,1
1492,No,3,4,3,1,3,1
1446,No,2,4,4,3,3,1
1588,No,3,4,3,1,4,1
1787,No,3,2,2,1,2,2
1908,No,1,3,2,3,2,2
1995,No,3,4,2,1,3,2
1479,No,2,4,3,3,3,2
1961,No,2,1,1,1,2,0
1975,No,3,2,1,1,3,0
1740,No,2,2,2,2,3,0
1924,No,2,2,3,2,3,0
1650,No,3,3,3,3,2,0
1836,No,3,3,4,1,3,0
1478,No,3,4,1,4,1,0
1680,No,3,4,1,1,3,0
1469,No,3,4,1,4,3,0
1708,No,3,4,3,2,3,0
1965,No,3,4,4,1,3,0
1602,No,1,4,1,2,4,0
1605,Yes,2,2,3,2,2,0
1937,Yes,3,4,2,3,2,1
1646,Yes,3,1,4,3,3,0
1850,Yes,2,4,4,3,3,0
1683,Yes,3,3,4,1,3,3
2040,Yes,3,3,4,3,3,0
1608,Yes,2,2,4,4,3,1
1827,Yes,3,3,2,3,2,1
1674,Yes,2,4,1,2,3,1
1974,Yes,3,4,4,3,1,3
1886,Yes,3,4,2,4,2,0
1893,Yes,2,2,3,3,2,1
1724,Yes,3,2,1,2,3,1
2009,Yes,3,2,4,1,3,1
1661,Yes,3,3,3,2,2,1
1703,Yes,3,3,4,2,4,1
1638,Yes,4,4,3,4,2,1
1614,Yes,3,3,3,2,3,2
1587,Yes,3,1,3,3,3,0
1611,Yes,3,3,1,1,1,0
1980,Yes,3,3,1,4,3,0
1641,Yes,2,3,4,4,3,0
1815,Yes,4,3,3,4,3,1
1912,Yes,3,3,4,4,3,1
1962,Yes,3,3,4,4,3,0
1915,Yes,2,4,4,3,2,0
1880,Yes,3,2,3,1,2,1
1503,Yes,2,3,3,3,3,1
1938,Yes,2,4,4,3,3,1
1445,Yes,3,4,3,3,3,2
1425,Yes,3,1,2,4,3,0
1552,Yes,3,4,4,3,3,0
1948,Yes,4,3,1,4,3,1
1737,Yes,3,4,4,4,3,1
1774,Yes,3,4,3,3,3,1
1642,Yes,3,1,4,3,3,0
1972,Yes,3,4,2,2,3,1
1837,Yes,3,1,3,2,3,0
1932,Yes,3,3,4,2,2,0
1594,Yes,3,1,1,4,4,1
1606,Yes,3,2,3,3,3,1
1547,Yes,1,4,4,3,3,1
2049,Yes,4,3,3,4,3,2
1704,Yes,4,1,4,3,2,0
1496,Yes,2,2,3,2,3,0
1539,Yes,3,3,4,4,1,0
1753,Yes,4,4,3,4,4,0
1927,Yes,3,3,4,3,2,1
1973,Yes,3,3,2,1,4,1
1460,Yes,3,2,1,2,1,1
1789,Yes,3,3,4,3,3,1
1998,Yes,2,4,1,3,3,1
1992,Yes,2,4,3,3,3,1
1448,Yes,2,2,3,1,4,0
1501,Yes,3,4,3,2,3,0
1766,Yes,3,2,4,3,1,1
1549,Yes,3,2,3,2,3,1
2053,Yes,3,4,2,1,2,1
1790,Yes,3,4,1,4,3,1
2003,Yes,3,4,3,3,3,1
1465,Yes,4,2,4,4,3,2
1755,Yes,3,4,4,1,4,3
1586,Yes,3,2,1,4,3,0
2020,Yes,3,2,4,3,3,0
1515,Yes,3,4,3,1,3,0
1669,Yes,2,1,2,2,2,1
1732,Yes,2,3,4,2,3,1
1943,Yes,3,2,4,3,3,2
1535,Yes,3,4,3,4,2,0
1591,Yes,3,3,3,3,3,1
1706,Yes,3,4,4,1,3,1
1882,Yes,3,3,4,4,3,3
2021,Yes,3,3,1,4,3,0
1678,Yes,3,4,3,4,3,0
1979,No,4,3,3,3,3,1
1845,No,4,3,3,2,3,2
1520,No,3,2,4,1,3,1
1675,No,3,4,2,2,2,0
1736,No,2,4,4,4,3,0
1744,No,4,3,3,3,1,2
1622,No,2,2,1,2,1,1
1581,No,3,1,4,1,3,0
2034,No,3,1,2,3,2,1
1441,No,4,1,1,4,3,1
1665,No,3,2,3,3,3,1
1509,No,3,3,1,1,2,1
1834,No,3,3,1,3,3,1
1864,No,3,2,3,4,2,1
1909,No,3,3,2,3,3,1
1554,No,3,2,3,1,2,2
2035,No,3,4,3,4,2,2
2026,No,2,3,3,1,3,1
1949,No,3,1,2,2,4,0
1712,No,2,3,3,4,2,1
1854,No,2,3,3,2,3,2
1693,No,3,4,4,3,3,0
1824,No,2,2,2,4,3,1
2036,No,2,4,4,1,1,1
1890,No,2,2,4,4,2,0
1970,No,3,4,3,3,3,3
1956,No,3,4,1,2,1,0
1644,No,3,3,4,2,2,1
1849,No,3,1,4,3,3,1
1499,No,4,3,3,1,3,1
1697,No,4,3,4,3,1,1
1664,No,3,4,1,1,4,1
1772,No,3,3,1,2,3,2
1768,No,2,2,2,2,3,3
1654,No,3,4,2,3,3,0
1936,No,3,1,1,4,3,1
1873,No,4,2,4,2,2,1
1483,No,2,2,3,1,4,1
1666,No,3,3,3,1,2,1
1999,No,3,4,4,1,3,1
1546,No,3,4,4,4,3,1
1993,No,3,1,3,2,3,0
1800,No,3,3,3,3,3,0
1516,No,4,3,4,2,3,0
1966,No,3,4,4,2,2,0
1595,No,3,4,4,4,2,0
1578,No,3,3,4,3,2,1
1823,No,3,2,3,3,4,2
1950,No,2,1,4,1,3,0
1775,Yes,2,1,3,4,2,3
1681,Yes,3,3,4,3,3,1
2017,Yes,3,3,4,1,4,1
1423,Yes,3,4,1,3,3,1
1847,Yes,3,4,2,4,3,1
2018,Yes,2,1,3,2,3,1
1835,Yes,2,2,4,1,1,2
1550,Yes,3,3,4,4,3,0
2064,Yes,3,2,2,2,4,1
1885,Yes,3,4,1,3,3,1
1541,Yes,3,2,3,2,3,1
1556,Yes,2,3,4,4,3,0
1747,No,2,3,4,3,2,1
1944,No,3,1,2,1,2,0
1459,No,3,3,2,1,4,0
1537,No,1,4,3,1,3,0
1487,No,1,1,2,1,3,0
1427,No,3,2,3,2,1,0
1467,No,3,1,3,4,3,0
1572,No,3,3,4,2,2,1
1433,No,4,1,2,3,2,0
1752,No,3,2,2,3,1,0
1807,No,2,4,1,3,3,1
1504,No,2,3,1,3,2,0
2044,No,3,2,3,4,3,2
1716,No,1,3,3,3,1,0
1486,No,4,1,3,4,3,1
2023,No,2,4,1,1,3,1
1928,No,3,3,1,4,4,0
1842,No,3,4,1,3,4,0
1714,No,3,4,3,3,1,1
1960,No,2,3,4,1,2,1
2032,No,1,4,3,4,3,1
1573,No,3,3,2,1,3,2
1522,No,1,1,1,3,2,0
1907,No,3,1,4,4,3,0
1534,No,1,4,1,2,3,0
1809,No,1,4,1,2,3,0
1692,No,3,4,2,1,3,0
1457,No,4,1,4,1,3,1
1439,No,3,1,1,1,2,0
1639,No,3,4,1,3,2,0
1562,No,3,2,1,4,2,1
1761,No,3,1,3,1,3,3
1734,No,3,1,2,2,1,0
1780,No,3,2,2,2,3,0
1876,No,2,2,4,3,3,0
1939,Yes,3,1,3,1,4,0
1421,Yes,3,3,4,1,3,0
1691,Yes,3,4,3,3,3,2
1624,Yes,4,2,4,3,3,0
1818,Yes,3,4,2,3,3,0
1569,Yes,3,1,1,4,3,1
1783,Yes,3,3,1,3,3,0
1933,Yes,3,4,3,4,3,0
1792,Yes,2,3,2,3,3,3
1464,Yes,1,2,4,3,3,1
1767,Yes,3,3,3,4,2,1
1494,Yes,2,2,1,3,3,0
1967,Yes,3,1,4,3,3,0
1844,Yes,3,1,1,4,2,3
2027,Yes,4,1,4,2,3,3
1604,Yes,3,3,2,3,3,3
1649,Yes,1,1,1,2,3,0
1684,Yes,3,4,3,1,2,0
2055,Yes,3,4,1,2,2,1
1645,Yes,2,1,4,4,1,2
1733,Yes,3,2,1,2,2,3
1968,Yes,2,1,1,2,3,0
1862,Yes,2,3,2,3,2,0
1797,Yes,3,3,4,4,3,0
1821,No,4,4,2,4,3,1
1869,No,3,3,2,3,3,3
1420,No,3,1,1,1,2,0
1458,Yes,4,1,1,2,2,0
1489,Yes,4,1,2,3,2,0
1758,Yes,2,1,1,3,3,0
1905,Yes,3,4,1,2,1,1
1868,Yes,2,4,4,2,2,0
1667,Yes,4,4,4,1,3,0
1878,Yes,3,4,2,1,3,0
1702,Yes,3,3,4,2,3,1
