EmployeeNumber,Attrition,DailyRate,HourlyRate,MonthlyIncome,MonthlyRate,PercentSalaryHike,PerformanceRating,TrainingTimesLastYear,TotalWorkingYears,YearsAtCompany,YearsInCurrentRole,YearsSinceLastPromotion,YearsWithCurrManager,NumCompaniesWorked,DistanceFromHome
1,Yes,1102,94,5993,19479,11,3,0,8,6,4,0,5,8,1
2,No,279,61,5130,24907,23,4,3,10,10,7,1,7,1,8
4,Yes,1373,92,2090,2396,15,3,3,7,0,0,0,0,6,2
5,No,1392,56,2909,23159,11,3,3,8,8,7,3,0,1,3
7,No,591,40,3468,16632,12,3,3,6,2,2,2,2,9,2
8,No,1005,79,3068,11864,13,3,2,8,7,7,3,6,0,2
10,No,1324,81,2670,9964,20,4,3,12,1,0,0,0,4,3
11,No,1358,67,2693,13335,22,4,2,1,1,0,0,0,1,24
12,No,216,44,9526,8787,21,4,2,10,9,7,1,8,0,23
13,No,1299,94,5237,16577,13,3,3,17,7,7,7,7,6,27
14,No,809,84,2426,16479,13,3,5,6,5,4,0,3,0,16
15,No,153,49,4193,12682,12,3,3,10,9,5,0,8,0,15
16,No,670,31,2911,15170,17,3,1,5,5,2,4,3,1,26
18,No,1346,93,2661,8758,11,3,2,3,2,2,1,2,0,19
19,Yes,103,50,2028,12947,14,3,4,6,4,2,0,3,5,24
20,No,1389,51,9980,10195,11,3,1,10,10,9,8,8,1,21
21,No,334,80,3298,15053,12,3,5,7,6,2,0,5,0,5
22,No,1123,96,2935,7324,13,3,2,1,1,0,0,0,1,16
23,No,1219,78,15427,22021,16,3,3,31,25,8,3,7,2,2
24,No,371,45,3944,4306,11,3,3,6,3,2,1,2,5,2
26,No,673,96,4011,8232,18,3,5,5,4,2,1,3,0,11
27,Yes,1218,82,3407,6986,23,4,4,10,5,3,0,3,7,9
28,No,419,53,11994,21293,11,3,4,13,12,6,2,11,0,7
30,No,391,96,1232,19281,14,3,6,0,0,0,0,0,1,15
31,Yes,699,83,2960,17102,11,3,2,8,4,2,1,3,2,6
32,No,1282,58,19094,10735,11,3,3,26,14,13,4,8,4,5
33,Yes,1125,72,3919,4681,22,4,5,10,10,2,6,7,1,16
35,No,691,48,6825,21173,11,3,2,10,9,7,4,2,0,8
36,No,477,42,10248,2094,14,3,4,24,22,6,5,17,3,7
38,No,705,83,18947,22822,12,3,2,22,2,2,2,1,3,2
39,No,924,78,2496,6670,11,3,3,7,1,1,0,0,4,2
40,No,1459,41,6465,19121,13,3,5,9,4,2,1,3,2,10
41,No,125,83,2206,16117,13,3,5,10,10,0,1,8,1,9
42,Yes,895,56,2086,3335,14,3,6,19,1,0,0,0,3,29
45,Yes,813,61,2293,3020,16,3,2,6,2,0,2,0,2,1
46,No,1273,72,2645,21923,12,3,3,6,5,3,1,4,1,2
47,Yes,869,86,2683,3810,14,3,2,3,3,2,0,2,1,27
49,No,890,97,2014,9687,13,3,3,2,2,2,2,2,1,2
51,No,852,82,3419,13072,14,3,3,6,1,1,0,0,9,5
52,No,1141,42,5376,3193,19,3,3,10,5,3,1,3,2,1
53,No,464,75,1951,10910,12,3,3,1,1,0,0,0,1,4
54,No,1240,33,2341,19715,13,3,6,1,1,0,0,0,1,2
55,Yes,1357,48,2293,10558,12,3,2,1,1,0,0,1,1,25
56,No,994,37,8726,2975,15,3,0,9,9,8,1,7,1,8
57,No,721,58,4011,10781,23,4,2,12,12,8,3,7,1,1
58,Yes,1360,49,19545,16280,12,3,0,23,22,15,15,8,1,12
60,No,1065,72,4568,10034,20,4,2,10,9,5,8,7,0,23
61,No,408,73,3022,10227,21,4,1,8,1,0,0,0,4,19
62,No,1211,98,5772,20445,21,4,4,14,9,6,0,8,4,5
63,No,1229,36,2269,4892,19,3,2,1,1,0,0,1,1,8
64,Yes,626,98,5381,19294,13,3,2,23,1,0,0,0,9,1
65,Yes,1434,50,3441,11179,13,3,3,2,2,2,2,2,1,29
68,No,1488,75,5454,4009,21,4,2,9,4,3,1,3,5,1
70,No,1097,79,9884,8302,13,3,3,10,4,0,2,3,2,11
72,No,1443,47,4157,21436,19,3,2,5,2,2,0,0,7,23
73,No,515,98,13458,15146,12,3,1,15,15,14,8,12,1,1
74,No,853,71,9069,11031,22,4,3,9,9,8,1,8,1,18
75,No,1142,30,4014,16002,15,3,3,4,2,2,2,2,3,23
76,No,655,48,5915,9528,22,4,3,10,7,7,1,7,3,7
77,No,1115,51,5993,2689,18,3,2,7,7,5,0,7,1,1
78,No,427,33,6162,10877,22,4,3,9,9,8,7,8,1,1
79,No,653,50,2406,5456,11,3,2,10,10,3,9,9,1,29
80,No,989,43,18740,16701,12,3,2,29,27,3,13,8,5,7
81,No,1435,99,7637,2354,11,3,3,28,21,16,7,9,7,25
83,No,1223,59,10096,8202,13,3,2,17,17,14,12,8,1,8
84,No,836,33,14756,19730,14,3,2,21,5,0,0,2,2,8
85,No,1195,95,6499,22656,13,3,3,6,6,5,0,3,1,11
86,No,1339,59,9724,18787,17,3,2,25,1,0,0,0,2,7
88,No,664,79,2194,5868,13,3,2,5,3,2,1,2,4,1
90,Yes,318,79,3388,21777,17,3,0,2,1,0,0,0,0,9
91,No,1225,57,5473,24668,11,3,2,20,4,3,1,3,7,1
94,No,1328,76,2703,4956,23,4,3,6,5,4,0,4,0,2
95,No,1082,87,2501,18775,17,3,4,1,1,1,1,0,1,1
96,No,548,66,6220,7346,17,3,3,10,10,4,0,9,1,1
97,No,132,55,3038,22002,12,3,3,5,1,0,0,0,3,6
98,No,746,61,4424,20682,23,4,2,11,11,7,1,8,1,8
100,No,776,32,4312,23016,14,3,2,16,15,13,2,8,0,1
101,No,193,52,13245,15067,14,3,3,17,0,0,0,0,4,6
102,No,397,30,13664,25258,13,3,3,16,5,2,0,2,4,7
103,No,945,80,5021,10425,22,4,2,16,4,2,0,2,8,5
104,No,852,55,5126,15998,12,3,1,10,10,8,3,0,1,1
105,No,1214,30,2859,26278,18,3,3,6,6,4,0,4,1,1
106,No,111,70,10239,18092,14,3,4,24,1,0,1,0,3,1
107,No,573,79,5329,15717,12,3,3,17,13,11,1,9,7,6
110,No,1153,94,4325,17736,15,3,2,5,5,2,1,3,1,1
112,No,1400,49,7260,21698,11,3,3,37,6,4,0,2,4,7
113,No,541,62,2322,9518,13,3,3,3,0,0,0,0,3,2
116,No,432,96,2075,18725,23,4,4,10,4,2,0,3,3,9
117,No,288,99,4152,15830,19,3,3,11,11,10,10,8,1,2
118,Yes,669,64,9619,13596,16,3,3,9,9,8,4,7,1,9
119,No,530,78,13503,14115,22,4,3,22,22,3,11,11,1,1
120,No,632,71,5441,8423,22,4,2,11,10,7,1,0,0,21
121,No,1334,63,5209,19760,12,3,4,11,11,8,2,7,1,4
124,No,638,40,10673,3142,13,3,5,21,10,9,9,5,2,1
125,No,1093,87,5010,24301,16,3,0,12,11,8,5,7,1,6
126,No,1217,60,13549,24001,12,3,5,16,4,3,0,3,9,2
128,No,1353,33,4999,17519,21,4,2,4,3,2,0,2,0,3
129,No,120,43,4221,8863,15,3,3,5,5,4,0,4,1,4
131,No,682,37,13872,24409,13,3,1,38,37,10,1,8,0,10
132,No,489,67,2042,25043,12,3,3,17,3,2,1,2,4,23
133,Yes,807,63,2073,23648,22,4,3,7,3,2,0,2,4,6
134,No,827,71,2956,15178,13,3,2,1,1,0,0,0,1,1
137,Yes,871,66,2926,19783,18,3,5,1,1,0,1,0,1,6
138,No,665,41,4809,12482,14,3,3,16,16,13,2,10,1,6
139,No,1040,100,5163,15850,14,3,2,17,1,0,0,0,5,2
140,No,1420,32,18844,21922,21,4,3,30,3,2,2,2,9,2
141,No,1115,73,18172,9755,19,3,1,28,8,3,0,7,3,1
142,Yes,240,46,5744,26959,11,3,1,6,6,4,0,3,1,29
143,No,1280,64,2889,26897,11,3,2,2,2,2,2,1,1,7
144,No,534,59,2871,23785,15,3,5,1,0,0,0,0,1,15
145,No,1456,30,7484,25796,20,4,1,23,13,12,12,8,3,1
147,Yes,658,66,6074,22887,24,4,3,9,9,7,0,6,1,7
148,No,142,30,17328,13871,12,3,3,23,5,3,4,4,2,26
150,No,1127,52,2774,13257,12,3,2,6,5,3,1,2,0,18
151,No,1031,45,4505,15000,15,3,3,12,1,0,0,0,6,6
152,No,1189,87,7428,14506,12,3,3,12,5,3,1,3,2,3
153,No,1354,45,11631,5615,12,3,6,14,11,10,5,8,2,5
154,No,1467,92,9738,22952,14,3,6,10,9,7,2,8,0,11
155,No,922,39,2835,2561,22,4,2,7,1,0,0,0,5,3
158,No,394,92,16959,19494,12,3,3,25,25,12,4,12,1,26
159,No,1312,96,2613,22310,25,4,2,10,10,7,0,9,1,23
160,No,750,95,6146,15480,13,3,2,8,7,7,0,7,0,22
161,Yes,441,72,4963,4510,18,3,2,7,5,4,4,3,9,14
162,No,684,51,19537,6462,13,3,5,23,20,18,15,15,7,6
163,Yes,249,76,6172,20739,18,3,3,12,7,7,7,7,4,6
164,No,841,46,2368,23300,19,3,3,5,5,4,4,3,1,6
165,Yes,147,94,10312,3465,12,3,3,40,40,10,15,6,1,23
167,Yes,528,50,1675,26820,19,3,2,0,0,0,0,0,1,22
169,No,594,100,2523,19299,14,3,2,3,2,1,2,1,0,2
170,No,470,96,6567,5549,14,3,2,16,15,11,5,11,1,20
171,No,957,72,4739,16090,12,3,2,18,3,2,1,2,4,28
174,No,809,77,9208,6645,11,3,3,16,2,2,2,1,4,12
175,Yes,542,71,4559,24788,11,3,2,4,2,2,2,2,3,20
176,No,802,96,8189,21196,13,3,2,12,9,7,0,7,3,9
177,No,1355,61,2942,8916,23,4,3,8,8,7,5,7,1,25
178,No,216,84,4941,2819,20,4,0,7,3,2,0,1,6,6
179,Yes,1150,53,10650,25150,15,3,2,18,4,2,0,3,2,8
182,No,1329,47,5902,14590,14,3,1,17,15,11,5,9,4,4
183,No,959,41,8639,24835,18,3,3,6,2,2,2,2,2,28
184,No,1240,48,6347,13982,19,3,2,12,11,9,4,7,0,9
190,Yes,1033,41,4200,10224,22,4,2,10,5,4,0,4,7,9
192,No,1316,83,3452,9752,13,3,2,9,6,5,0,3,5,29
193,No,364,32,4317,2302,20,4,2,19,3,2,2,2,3,3
194,No,438,75,2632,23910,14,3,4,5,5,4,0,4,1,18
195,No,689,35,4668,22812,17,3,2,9,8,7,0,7,0,9
197,No,201,84,3204,10415,14,3,3,8,3,2,2,2,5,5
198,No,1427,35,2720,11162,13,3,3,6,5,3,1,2,0,2
199,No,857,91,17181,12888,13,3,2,21,7,6,7,7,4,10
200,No,933,94,2238,6961,21,4,2,7,5,0,1,4,2,9
201,No,1181,79,1483,16102,14,3,3,1,1,0,0,0,1,3
202,No,1395,54,5605,8504,11,3,2,20,20,7,2,13,1,26
204,No,662,94,7295,11439,13,3,3,10,10,8,0,6,1,1
205,No,1436,34,2306,16047,20,4,3,13,7,7,4,5,2,6
206,No,194,60,2348,10901,18,3,2,20,17,9,0,15,8,9
207,No,967,43,8998,15589,14,3,2,9,9,8,3,7,1,8
208,No,1496,41,4319,26283,13,3,1,10,10,7,0,9,1,1
211,No,1169,34,6132,13983,17,3,2,10,1,0,0,0,2,7
214,No,1145,75,3346,11873,20,4,3,9,1,0,0,0,4,9
215,No,630,67,10855,8552,11,3,2,15,12,11,2,11,7,4
216,No,303,75,2231,11314,18,3,3,6,4,3,1,2,6,2
217,No,1256,80,2323,11992,24,4,6,2,2,2,2,2,1,19
218,No,691,57,2024,5970,18,3,1,6,2,2,2,2,6,9
221,No,440,42,2713,6672,11,3,2,5,5,2,0,2,1,21
223,No,334,83,9439,23402,16,3,2,12,5,3,1,4,3,24
224,No,1450,79,2566,25326,15,3,2,1,1,1,0,1,1,3
226,No,1452,53,19926,17053,15,3,5,21,5,4,4,4,3,11
227,No,465,56,2451,4609,12,3,2,13,9,8,1,8,4,14
228,No,1339,41,9419,8053,12,3,2,12,10,9,7,4,2,5
230,No,702,59,8686,12930,22,4,2,12,8,3,0,7,4,1
231,No,120,43,3038,12430,20,4,2,8,5,4,1,4,3,6
233,No,1157,51,3058,13364,16,3,3,6,5,2,1,1,0,17
235,Yes,602,100,2325,20989,21,4,5,1,0,0,0,0,0,1
238,No,1480,30,2088,15062,12,3,3,13,8,7,7,2,4,3
239,No,111,66,3072,11012,11,3,4,12,12,9,6,10,1,9
240,No,1268,30,5006,6319,11,3,3,9,5,4,0,3,4,4
241,No,713,67,4257,13939,18,3,3,19,2,2,2,2,4,8
242,No,134,90,2500,10515,14,3,2,4,3,1,0,2,0,2
243,Yes,303,47,1102,9241,22,4,3,1,1,0,1,0,1,2
244,No,526,92,10453,2137,25,4,2,24,24,13,15,7,1,1
245,No,1380,75,2288,6319,12,3,3,2,2,2,2,1,1,9
246,No,140,95,3929,6984,23,4,0,7,4,2,0,2,8,12
247,No,629,95,2311,5711,15,3,3,9,3,2,1,2,2,27
248,Yes,1356,70,3140,21728,22,4,5,4,4,3,0,2,1,20
249,No,328,86,3690,3425,15,3,2,5,3,2,0,2,2,1
250,No,1084,57,4450,26250,11,3,3,5,4,2,1,3,1,13
252,No,931,72,2756,4673,13,3,5,8,8,7,1,6,1,14
253,No,989,46,19033,6499,14,3,2,21,20,8,9,9,1,4
254,No,692,61,18722,13339,11,3,3,36,24,15,2,15,8,14
256,No,1069,45,9547,14074,17,3,2,10,10,9,1,9,1,2
258,No,313,98,13734,7192,18,3,6,21,7,7,1,0,3,3
259,No,699,65,19999,5678,14,3,5,34,33,18,11,9,0,1
260,No,894,99,2279,11781,16,3,2,7,7,7,0,3,1,9
261,Yes,556,50,5916,15497,13,3,1,8,1,0,0,1,3,23
262,No,1344,37,2089,5228,14,3,3,7,5,4,2,2,4,7
264,No,1195,65,16792,20462,23,4,1,22,20,8,11,8,9,2
267,No,290,65,3564,22977,12,3,3,8,8,7,1,7,1,21
269,No,138,37,4425,15986,11,3,5,10,6,2,1,2,5,2
270,No,926,36,5265,16439,16,3,5,11,5,3,0,2,2,21
271,No,1261,88,6553,7259,14,3,3,14,1,0,0,0,9,2
273,No,1084,54,6261,4185,18,3,3,9,7,7,1,7,3,29
274,No,472,60,4298,9679,19,3,1,6,2,2,2,0,5,1
275,No,1002,92,6804,23793,15,3,0,7,7,7,1,7,1,18
277,No,878,43,3815,5972,17,3,4,5,5,3,2,0,1,10
281,No,905,99,2741,16523,15,3,2,15,7,2,3,7,8,19
282,Yes,1180,70,6673,11354,19,3,2,17,1,0,0,0,7,29
283,Yes,121,35,7639,24525,22,4,3,10,10,4,1,9,1,27
284,No,1136,60,2328,12392,16,3,2,4,4,2,2,2,1,5
286,No,635,73,2153,7703,13,3,2,8,8,1,1,7,1,18
287,No,1151,63,4876,14242,14,3,5,5,3,2,0,2,9,9
288,No,644,97,9396,12368,16,3,3,17,4,2,0,3,7,1
291,Yes,1045,32,10400,25812,11,3,2,14,14,8,9,8,1,4
292,No,829,88,8474,20925,22,4,2,12,11,8,5,8,1,1
293,No,1242,90,9981,12916,14,3,2,7,7,7,0,7,1,20
296,No,1469,81,12490,15736,16,3,5,16,10,9,4,7,5,8
297,Yes,1005,88,2657,8556,11,3,5,8,5,2,0,4,5,27
298,No,896,75,13591,14674,18,3,3,16,1,0,0,0,3,6
299,Yes,334,52,6696,22967,15,3,5,9,6,3,0,1,5,26
300,Yes,992,85,2058,19757,14,3,1,7,6,2,1,5,0,1
302,No,1052,57,8865,16840,12,3,2,23,19,7,12,8,6,6
303,No,1147,52,5940,17011,14,3,4,16,6,2,0,5,2,3
304,No,1396,62,5914,9945,16,3,3,16,13,11,3,7,8,5
305,No,147,47,2622,13248,21,4,3,7,3,2,1,1,6,4
306,No,663,47,12185,10056,14,3,1,10,10,8,0,7,1,11
307,No,119,76,10609,9647,12,3,6,17,16,10,5,13,0,3
308,No,979,90,4345,4381,12,3,2,6,5,4,1,4,0,1
309,No,142,70,2177,8456,17,3,6,7,1,0,0,0,3,3
311,No,319,41,2793,2539,17,3,2,13,9,8,5,8,4,4
312,No,1413,42,7918,6599,14,3,5,11,11,10,4,1,1,1
314,No,944,92,8789,9096,14,3,3,10,10,7,0,8,1,1
315,Yes,896,86,2389,14961,13,3,3,4,4,3,0,1,1,18
316,No,1323,89,3212,3300,15,3,3,6,2,2,2,2,7,2
319,No,532,58,19232,4933,11,3,3,22,22,17,11,15,1,4
321,No,818,52,2267,25657,17,3,2,7,2,2,2,2,8,6
323,No,854,68,19517,24118,11,3,3,32,7,0,0,6,3,1
325,Yes,813,58,2436,22149,13,3,2,8,5,4,0,4,5,14
327,No,1034,80,16064,7744,22,4,3,22,17,13,1,9,5,16
328,Yes,465,39,2707,21509,20,4,3,13,9,7,1,7,7,2
329,No,771,79,19068,21030,18,3,2,33,33,7,15,12,1,2
330,No,1401,56,3931,20990,11,3,5,6,4,3,1,2,2,4
331,Yes,515,62,3730,9571,14,3,2,4,3,2,1,2,0,1
332,No,1431,96,2232,15417,14,3,1,7,3,2,1,2,7,1
333,No,976,100,4465,12069,18,3,2,4,3,2,2,2,0,26
334,No,1411,36,3072,19877,16,3,2,17,1,0,0,0,2,19
335,No,1300,62,3319,24447,17,3,3,9,9,8,4,7,1,24
336,No,252,70,19202,15970,11,3,2,25,24,0,1,7,0,1
337,No,1327,73,13675,13523,12,3,3,9,2,2,2,2,9,3
338,No,832,63,2911,14776,13,3,2,2,2,2,0,2,1,5
339,No,470,84,5957,23687,13,3,3,13,11,9,5,9,6,2
340,No,1017,83,3920,18697,14,3,2,17,3,1,0,2,2,1
341,No,1199,77,6434,5118,17,3,1,9,3,2,0,2,4,7
342,Yes,504,61,10048,22573,11,3,5,17,1,0,0,0,6,10
343,No,505,64,10938,6420,25,4,1,20,19,6,11,8,0,2
346,No,665,60,2340,22673,19,3,1,6,6,5,1,5,1,15
347,No,916,82,6545,23016,13,3,1,10,3,2,0,2,3,17
349,No,1247,45,6931,10732,14,3,2,10,3,2,0,2,2,20
350,No,685,62,4898,7505,12,3,3,5,4,2,1,2,0,1
351,No,269,56,2593,8007,11,3,4,10,9,6,7,8,0,2
352,No,1416,49,19436,5949,19,3,5,22,21,7,3,9,0,2
353,No,833,96,2723,23231,11,3,0,1,1,0,0,0,1,1
355,Yes,307,71,3479,11652,11,3,2,6,5,4,1,4,0,29
359,No,1311,100,2794,26062,20,4,3,5,5,1,0,3,1,7
361,No,1327,39,5249,19682,18,3,0,13,8,7,7,5,3,2
362,No,128,84,2176,19737,13,3,5,9,6,2,0,4,4,2
363,No,488,75,16872,14977,12,3,2,28,7,7,7,7,3,2
364,Yes,529,79,3485,14935,11,3,5,5,0,0,0,0,2,2
366,No,1210,78,6644,3687,19,3,2,10,0,0,0,0,2,2
367,No,1463,64,5582,14408,21,4,2,10,9,0,7,8,0,23
369,No,675,85,4000,18384,12,3,2,6,6,3,1,5,1,5
372,No,1385,79,13496,7501,14,3,2,21,20,7,4,10,0,20
373,No,1403,47,3210,20251,11,3,4,16,15,13,10,11,0,6
374,No,452,81,19045,18938,14,3,2,37,36,10,4,13,0,1
376,Yes,666,88,11849,10268,12,3,2,10,10,7,9,9,1,29
377,No,1158,94,2070,2613,23,4,3,5,5,2,0,4,1,9
378,No,228,98,6502,22825,14,3,5,7,5,4,0,1,4,6
379,No,996,100,3230,10531,17,3,4,3,3,2,1,0,1,3
380,No,728,80,13603,11677,18,3,2,15,5,2,0,2,2,1
381,No,1315,71,11996,19100,18,3,6,10,7,7,6,2,7,22
382,No,322,44,5605,19191,24,4,3,8,8,0,7,7,1,7
384,No,1479,84,6397,26767,20,4,6,6,6,5,1,4,1,1
385,No,797,96,19144,15815,14,3,4,28,10,4,1,6,3,4
386,No,1070,45,17584,21016,16,3,5,21,5,3,1,3,3,3
387,No,635,99,4907,24532,25,4,3,20,20,16,11,6,1,1
388,No,442,44,4554,20260,18,3,3,10,10,7,0,9,1,2
389,No,147,37,5415,15972,19,3,4,12,10,7,0,8,3,20
390,No,496,60,4741,22722,13,3,3,5,5,3,3,3,1,11
391,No,1372,42,2115,15881,12,3,3,17,17,12,5,7,1,1
392,Yes,920,43,3161,19920,22,4,0,19,1,0,0,0,3,24
393,No,688,82,5745,18899,14,3,2,10,2,2,1,2,9,23
394,Yes,1449,45,2373,14180,13,3,2,5,3,2,0,2,2,16
395,No,1117,66,3310,4488,21,4,3,5,5,3,0,2,1,8
396,No,636,35,18665,25594,11,3,4,22,3,2,1,2,9,10
397,No,506,30,4485,26285,12,3,2,10,8,0,7,7,4,3
399,No,444,84,2789,3909,11,3,5,2,2,2,2,2,1,5
401,Yes,950,48,5828,8450,12,3,0,8,8,7,7,4,1,4
403,No,889,53,2326,11411,12,3,3,4,4,2,1,2,1,9
404,No,555,77,13525,14864,14,3,2,23,20,4,4,8,5,26
405,Yes,230,54,1420,25233,13,3,2,0,0,0,0,0,1,27
406,No,1232,96,8020,5100,15,3,3,12,11,9,6,9,0,16
407,No,566,81,3688,7122,18,3,2,4,1,0,0,0,4,18
408,No,1302,84,5482,16321,18,3,3,13,4,1,1,2,5,2
410,No,334,88,16015,15896,19,3,2,22,22,10,0,4,1,2
411,No,812,69,1200,9724,12,3,2,0,0,0,0,0,1,10
412,No,1476,68,5661,4824,19,3,2,9,8,3,0,7,0,16
416,No,218,100,6929,12241,11,3,3,10,8,7,7,7,4,7
417,No,1132,48,9613,10942,17,3,5,19,18,10,3,7,0,1
419,No,1105,47,5674,6927,15,3,3,11,9,8,0,8,7,24
420,No,906,91,5484,16985,14,3,3,13,13,8,4,8,1,7
421,No,849,81,12061,26707,17,3,2,19,10,8,0,1,3,25
422,No,390,32,5660,17056,13,3,2,12,5,3,1,2,2,1
423,No,691,86,4821,10077,12,3,4,6,5,2,0,3,0,5
424,No,106,62,6410,17822,12,3,1,9,2,2,1,0,3,2
425,No,1249,97,5210,20308,18,3,2,24,24,9,9,11,1,7
426,No,192,32,2695,7747,18,3,2,3,2,2,2,2,0,2
428,No,553,74,11878,23364,11,3,2,12,10,6,8,8,6,5
429,No,117,99,17068,5355,14,3,3,21,21,9,11,10,1,10
430,No,185,33,2455,10675,19,3,5,9,8,7,1,7,0,10
431,No,1091,90,13964,17810,12,3,2,25,7,1,0,7,7,1
433,Yes,723,85,4941,17747,15,3,3,11,8,2,7,7,2,8
434,No,1220,85,2478,20938,12,3,2,4,4,3,1,2,1,5
436,No,588,65,5228,24624,11,3,2,13,13,12,11,9,1,8
437,No,1377,74,4478,5242,11,3,3,5,5,4,0,4,1,2
438,No,691,73,7547,7143,12,3,3,13,7,7,1,7,4,7
439,No,1018,74,5055,10557,16,3,0,10,7,7,0,7,7,2
440,Yes,1157,84,3464,24737,13,3,4,5,3,2,2,2,5,2
441,No,1275,64,5775,11934,13,3,2,11,10,8,1,9,1,28
442,No,798,48,8943,14034,24,4,2,10,10,9,8,9,1,7
444,No,672,54,19272,21141,15,3,2,21,21,9,13,3,1,7
445,Yes,1162,41,5238,17778,18,3,3,12,1,0,0,0,4,27
446,No,508,46,4682,4317,14,3,6,9,7,7,0,1,3,10
447,No,1482,42,18300,16375,11,3,2,21,3,2,1,1,4,5
448,No,559,82,5257,6227,11,3,3,9,9,7,0,0,1,10
449,No,210,73,6349,22107,13,3,0,6,5,4,1,4,0,1
450,No,928,31,4869,16885,12,3,4,20,4,3,0,3,3,20
451,No,1001,43,9985,9262,16,3,1,10,1,0,0,0,8,7
452,No,549,75,3697,9278,14,3,3,12,10,9,9,8,9,8
453,No,1124,57,7457,13273,22,4,2,6,4,3,0,2,2,1
454,Yes,318,77,2119,4759,11,3,4,7,7,7,0,7,1,8
455,No,738,30,3983,7621,17,3,2,4,3,2,2,2,0,9
456,No,570,30,6118,5431,13,3,2,10,10,9,1,2,1,5
458,No,1130,56,6214,3415,18,3,3,8,8,7,0,7,1,8
460,No,1192,61,6347,23177,16,3,2,8,6,2,0,4,7,5
461,No,343,92,11510,15682,14,3,3,12,11,10,2,9,0,15
462,No,1232,39,7143,25713,14,3,2,11,11,9,4,10,1,7
463,No,144,39,8268,11866,14,3,2,7,7,7,1,7,1,10
464,No,1296,62,8095,18264,13,3,5,17,16,6,0,13,0,5
465,No,1309,83,2904,16092,12,3,2,4,4,2,0,2,1,26
466,No,483,95,6032,10110,15,3,3,8,5,4,1,2,6,6
467,No,1309,99,2976,25751,19,3,3,5,0,0,0,0,3,4
468,No,810,44,15992,15901,14,3,2,16,1,0,0,0,2,23
469,No,746,61,4649,16928,14,3,3,4,4,3,0,2,1,2
470,No,544,52,2696,24017,11,3,5,4,3,2,1,0,0,2
471,No,1062,75,2370,3956,13,3,4,8,8,0,0,7,1,2
473,No,530,91,12504,23978,21,4,3,15,0,0,0,0,3,29
474,No,1319,51,5974,17001,13,3,2,13,7,7,6,7,4,6
475,No,641,85,4736,6069,12,3,2,4,2,2,2,2,7,25
476,No,933,57,5296,20156,17,3,3,8,8,7,7,7,1,1
477,No,1332,98,6781,17078,23,4,6,14,1,0,0,0,3,2
478,Yes,756,99,2174,9150,11,3,3,3,3,2,1,2,1,1
479,No,845,45,6653,15276,15,3,6,7,1,0,0,0,4,1
481,No,541,48,9699,7246,11,3,2,16,13,9,1,12,4,3
482,No,593,88,6755,2967,11,3,2,15,3,2,1,2,2,1
483,No,1171,46,2213,22495,13,3,3,10,7,7,1,7,3,10
484,No,895,39,2610,2851,24,4,3,3,3,2,2,2,1,9
485,Yes,350,34,2851,9150,13,3,2,1,1,0,0,0,1,29
486,No,921,98,3452,17663,20,4,3,17,5,4,0,3,6,10
487,No,1144,30,5258,16044,14,3,2,7,1,0,0,0,2,7
488,Yes,143,56,9355,9558,18,3,5,8,8,7,7,7,1,4
491,No,1046,100,10496,2755,15,3,2,20,4,3,1,3,6,10
492,Yes,575,68,6380,6110,12,3,6,8,6,4,1,0,2,22
493,No,408,42,2657,7551,16,3,5,3,2,2,2,2,0,9
494,Yes,156,90,2716,25422,15,3,0,1,1,0,0,0,1,12
495,No,1283,54,2201,18168,16,3,4,6,3,2,1,2,9,23
496,No,755,97,6540,19394,19,3,5,10,1,1,0,0,9,9
497,No,1469,82,3816,17881,11,3,2,5,5,2,0,4,1,1
498,No,304,92,5253,20750,16,3,1,7,7,5,0,7,1,9
499,No,1261,31,10965,12066,24,4,2,26,5,2,0,0,8,7
500,No,1178,87,4936,14862,11,3,2,18,7,7,0,7,4,14
501,No,329,96,2543,11868,13,3,3,6,2,2,2,2,4,2
502,Yes,1362,67,5304,4652,13,3,3,9,5,2,0,4,8,19
505,No,1311,97,16659,23258,13,3,2,30,5,4,1,2,2,2
507,No,1371,77,4260,5915,12,3,2,5,5,2,0,3,1,10
508,No,202,72,2476,17434,18,3,3,1,1,0,0,0,1,2
510,Yes,575,73,3102,6582,22,4,2,7,6,4,0,4,0,27
511,No,253,43,2244,24440,13,3,1,2,2,1,1,2,1,11
513,No,164,61,7596,3809,13,3,2,10,10,9,9,0,1,2
514,Yes,464,40,2285,3427,23,4,4,3,1,0,0,0,9,4
515,No,1107,95,3034,26914,12,3,2,18,18,7,12,17,1,14
516,No,759,46,5715,22553,12,3,5,8,5,4,1,3,7,2
517,No,201,95,2576,20490,16,3,5,8,5,2,1,2,3,1
518,No,1305,49,4197,21123,12,3,2,18,1,0,0,1,2,10
520,No,982,59,14336,4345,11,3,3,25,25,10,3,9,1,12
521,No,555,78,3448,13436,22,4,3,20,1,0,0,0,6,2
522,No,821,86,19406,8509,11,3,4,24,4,2,1,2,4,5
523,No,1381,72,6538,12740,15,3,3,6,3,2,1,2,9,4
524,No,480,31,4306,4156,12,3,5,13,13,10,3,12,1,7
525,No,313,61,2258,15238,20,4,1,8,3,2,1,2,7,21
526,No,1473,74,4522,2227,14,3,3,8,5,2,0,2,4,8
527,No,891,99,4487,12090,11,3,3,5,5,4,1,3,1,4
529,No,1063,72,4449,23866,15,3,2,15,13,11,10,7,3,25
530,No,329,98,2218,16193,12,3,3,4,4,2,3,2,1,1
531,No,1218,52,19197,8213,14,3,3,21,21,8,1,6,1,1
532,No,906,86,13212,18256,11,3,0,36,7,7,7,7,9,6
533,No,1082,83,6577,19558,11,3,6,6,5,4,4,4,0,12
534,No,645,49,8392,19566,16,3,2,10,10,7,0,7,1,1
536,No,1300,79,4558,13535,12,3,2,10,10,0,1,8,1,17
538,Yes,688,91,4031,9396,13,3,5,6,2,2,0,2,5,27
543,No,319,39,7969,19609,14,3,4,28,5,4,0,4,2,3
544,No,192,69,2654,9655,21,4,3,8,2,2,0,2,3,10
546,No,1490,30,16555,10310,13,3,2,31,5,2,1,4,2,4
547,No,532,92,4556,12932,11,3,3,19,5,4,0,2,2,29
548,No,317,43,6091,24793,20,4,2,11,5,4,0,2,2,2
549,No,422,41,19566,3854,11,3,5,33,29,8,11,10,5,7
550,No,1485,87,4810,26314,14,3,5,19,10,7,0,8,2,18
551,No,1368,88,4523,4386,11,3,4,7,6,5,0,4,0,28
554,Yes,1448,62,3202,21972,16,3,4,6,5,3,1,4,1,1
555,Yes,296,33,2351,12253,16,3,3,3,2,2,1,0,0,6
556,No,1490,42,1702,12106,23,4,3,1,1,0,0,0,1,2
558,No,1398,79,18041,13022,14,3,2,21,20,15,1,12,0,2
560,No,1349,90,2886,3032,22,4,3,3,3,2,0,2,1,23
562,No,1400,53,2097,16734,15,3,3,9,5,3,1,4,4,3
564,No,986,93,11935,21526,18,3,2,10,10,2,0,7,1,3
565,Yes,408,71,2546,18300,16,3,2,6,2,2,1,1,5,25
566,Yes,489,52,2564,18437,12,3,3,1,1,0,0,0,1,2
567,No,1398,69,8412,2890,11,3,3,10,9,8,7,8,0,22
568,No,210,56,14118,22102,12,3,3,32,1,0,0,0,3,29
569,No,1099,88,17046,9314,15,3,2,28,27,10,15,7,0,29
571,No,1116,49,2564,7181,14,3,2,12,11,7,6,7,0,2
573,No,1499,80,10266,2845,19,3,5,22,18,13,13,11,4,28
574,No,983,65,5070,7389,13,3,2,20,5,0,0,4,5,2
575,No,1009,51,17861,2288,13,3,2,26,3,2,0,1,6,2
577,No,144,46,4230,19225,15,3,2,6,5,4,4,3,0,22
578,No,548,42,3780,23428,11,3,3,19,1,0,0,0,7,8
579,No,1303,62,2768,8416,12,3,3,14,7,3,5,7,3,2
580,No,1125,94,9071,11563,19,3,3,15,3,2,1,2,2,10
581,No,1274,33,10648,14394,25,4,6,13,13,8,0,8,1,9
582,Yes,1277,56,13610,24619,12,3,2,15,7,6,7,7,7,15
584,Yes,587,38,3408,6705,13,3,2,8,4,3,1,3,7,10
585,No,413,57,2983,18398,14,3,3,4,3,2,1,2,0,7
586,No,1276,72,7632,14295,12,3,2,10,8,7,0,0,4,16
587,Yes,534,66,9824,22908,12,3,2,12,1,0,0,0,3,20
590,Yes,988,43,9950,11533,15,3,2,11,3,2,0,2,9,23
591,No,1474,97,2093,9260,17,3,4,8,2,2,2,0,4,5
592,No,635,32,9980,15318,14,3,3,10,10,3,9,7,1,10
593,Yes,1368,99,3894,9129,16,3,3,4,2,2,1,2,5,4
595,No,163,37,4051,19658,14,3,2,14,9,7,6,7,2,2
597,No,1117,83,16835,9873,23,4,2,37,10,9,7,7,3,18
599,No,267,56,6230,13430,14,3,3,16,14,3,1,10,7,10
600,No,619,85,4717,18659,11,3,2,15,11,9,6,9,9,1
601,No,302,75,13237,20364,15,3,3,22,20,6,5,13,7,6
602,No,443,48,3755,17872,11,3,3,8,8,3,0,7,1,8
604,No,828,77,6582,8346,13,3,2,10,6,5,0,5,4,2
605,No,319,56,7406,6950,21,4,5,10,10,9,5,8,1,24
606,No,561,61,4805,16177,19,3,3,9,8,7,3,7,0,2
608,Yes,426,58,2741,22808,11,3,2,8,7,7,1,0,0,17
611,No,232,34,4262,22645,12,3,2,8,3,2,1,2,4,19
612,No,922,95,16184,22578,19,3,2,10,6,1,0,5,4,1
613,No,688,44,11557,25291,21,4,3,10,5,4,0,1,9,7
614,Yes,1306,69,1878,8059,14,3,3,0,0,0,0,0,1,29
615,No,1094,58,10932,11373,15,3,2,20,1,0,0,1,3,28
616,No,509,62,6811,2112,17,3,3,10,8,7,0,7,2,2
618,No,775,45,4306,4267,12,3,5,8,0,0,0,0,5,29
620,No,195,80,4859,6698,16,3,3,5,5,4,0,3,1,1
621,No,258,74,5337,19921,12,3,3,10,10,7,5,7,1,21
622,Yes,471,66,2340,23213,18,3,3,1,1,0,0,0,1,24
623,No,799,59,7491,23848,17,3,3,12,6,5,1,2,4,1
624,No,1034,86,10527,8984,11,3,3,28,2,2,1,2,5,18
625,No,1276,91,16595,5626,16,3,2,22,18,16,11,8,7,2
626,No,142,69,8834,24666,13,3,6,9,9,5,7,7,1,9
630,No,956,78,5577,22087,12,3,3,18,10,9,6,9,3,6
631,Yes,1474,60,4707,23914,12,3,2,6,4,2,1,2,8,11
632,No,535,38,2400,5530,13,3,3,3,2,2,2,1,0,24
634,No,1495,76,9824,22174,19,3,4,18,1,0,0,0,3,10
635,No,446,65,6447,15701,12,3,2,8,6,5,4,3,6,1
638,No,1245,58,19502,2125,17,3,5,31,31,9,0,9,1,18
639,No,691,89,2725,21630,11,3,3,6,6,5,1,4,1,23
641,No,703,66,6272,7428,20,4,5,6,5,3,1,4,1,28
643,No,823,94,2127,9100,21,4,2,1,1,0,0,0,1,17
644,No,1246,99,18200,7999,11,3,2,32,32,5,10,7,1,3
645,No,622,40,2096,26376,11,3,1,7,7,4,0,6,1,13
647,Yes,1287,55,2886,14168,16,3,4,6,6,3,1,2,1,7
648,Yes,448,74,2033,14470,18,3,2,1,1,0,0,0,1,12
649,No,254,83,3622,22794,13,3,3,6,6,5,1,3,1,1
650,Yes,1365,46,4233,11512,17,3,2,9,3,1,1,2,2,13
652,No,538,54,3681,14004,14,3,3,9,3,2,0,2,4,25
653,No,525,66,5460,6219,22,4,4,13,7,7,5,7,4,6
655,No,798,66,2187,5013,12,3,5,6,5,3,0,3,0,6
656,No,558,75,9602,3010,11,3,3,17,3,0,1,0,4,2
657,No,959,83,2836,11757,13,3,0,1,1,0,0,0,1,1
659,No,622,81,4089,5718,13,3,4,10,10,2,2,2,1,2
661,No,782,50,16627,2671,14,3,3,21,1,0,0,0,4,6
662,No,362,43,2619,14561,17,3,3,8,0,0,0,0,3,1
663,No,1001,72,5679,19627,13,3,3,10,8,7,4,7,3,9
664,No,1236,40,15402,17997,11,3,3,21,3,2,0,2,7,1
665,No,1112,50,5985,26894,11,3,1,10,2,2,0,2,4,1
666,No,204,31,2579,2912,18,3,3,8,8,2,0,6,1,14
667,Yes,1420,85,3041,16346,11,3,3,5,4,3,0,2,0,2
669,No,1343,49,3447,24444,11,3,2,3,3,2,1,2,1,22
671,No,1315,35,19513,9358,12,3,2,26,2,2,0,1,4,3
675,No,604,69,2773,12145,20,4,3,3,2,2,2,2,0,6
677,No,1216,39,7104,20431,12,3,3,6,5,0,1,2,0,8
679,No,646,92,6322,18089,12,3,2,6,6,4,0,5,1,9
680,No,160,71,2083,22653,20,4,2,1,1,0,0,0,1,3
682,No,238,34,8381,7507,20,4,2,18,14,7,8,10,7,1
683,No,1397,42,2691,7660,12,3,4,10,10,9,8,8,1,1
684,Yes,306,100,4286,5630,14,3,4,5,1,1,0,0,2,26
686,No,991,71,2659,17759,13,3,2,3,3,2,0,2,1,6
689,No,482,36,9434,9606,15,3,2,10,10,7,7,8,1,3
690,No,1176,62,5561,3487,14,3,5,6,6,0,1,2,1,3
691,No,1017,82,6646,19368,13,3,3,17,17,11,11,8,1,6
692,No,1296,30,7725,5335,23,4,2,15,13,11,4,7,3,6
698,No,397,88,10725,6729,15,3,1,16,9,7,7,1,2,19
699,No,913,48,8847,13934,11,3,2,13,3,2,0,2,2,9
700,No,1115,54,2045,15174,13,3,0,5,4,2,1,1,0,3
701,Yes,1362,32,1009,26999,11,3,5,1,1,0,1,1,1,10
702,Yes,1076,70,3348,3164,11,3,3,10,10,8,9,7,1,27
704,No,727,41,1281,16900,18,3,3,1,1,0,0,0,1,3
705,No,885,58,2819,8544,16,3,3,5,3,2,0,2,2,4
707,No,810,57,4851,15678,22,4,4,4,3,2,1,2,0,8
709,No,243,46,4028,7791,20,4,2,8,7,7,0,5,0,7
710,No,806,76,2720,18959,18,3,5,10,10,7,2,8,1,1
712,No,817,56,8120,18597,12,3,3,12,2,2,2,2,3,2
714,No,1410,71,4647,16673,20,4,3,6,6,5,0,4,1,3
715,No,1225,80,4680,15232,17,3,2,4,1,0,0,0,3,10
716,No,1207,74,3221,3297,11,3,3,20,20,8,3,8,1,28
717,No,1442,46,8621,17654,14,3,3,9,8,7,7,7,1,9
720,Yes,693,65,4577,24785,14,3,3,4,2,2,2,0,9,27
721,No,408,80,4553,20978,11,3,4,20,20,7,11,10,1,2
722,No,929,55,5396,21703,12,3,2,10,10,7,0,8,1,10
723,Yes,562,50,6796,23452,14,3,4,18,4,3,1,3,3,8
724,No,827,33,7625,19383,13,3,4,10,9,7,1,8,0,1
725,No,608,68,7412,6009,11,3,3,9,9,7,0,7,1,1
727,No,1018,39,11159,19373,15,3,6,10,7,7,7,7,3,3
728,No,703,42,4960,11825,12,3,2,20,7,7,1,7,2,14
729,No,580,48,10475,23772,21,4,2,20,18,13,1,12,5,5
730,No,970,59,14814,13514,19,3,3,32,5,1,1,3,3,7
731,No,427,73,19141,8861,15,3,2,23,21,6,12,6,3,10
732,No,1179,84,5405,11924,14,3,1,10,2,2,2,2,8,16
733,No,294,32,8793,4809,21,4,4,9,9,7,1,7,1,10
734,No,314,59,19189,19562,12,3,3,22,22,7,2,10,1,1
738,No,316,54,3875,9983,15,3,2,4,2,2,2,2,7,8
741,Yes,654,67,2216,3872,13,3,4,10,7,7,3,7,7,1
742,No,427,63,11713,20335,14,3,2,10,8,7,0,5,9,8
743,No,168,81,7861,15397,14,3,4,10,1,0,0,0,4,1
744,No,381,49,3708,2104,14,3,5,9,5,2,1,4,2,24
746,No,217,49,13770,10225,12,3,2,28,22,2,11,13,9,3
747,No,501,99,5304,25275,23,4,2,10,8,7,7,7,7,27
749,No,1396,99,2642,2755,11,3,6,1,1,0,0,0,1,10
752,Yes,933,57,2759,20366,12,3,2,7,2,2,2,2,6,19
754,No,775,47,6804,23683,18,3,5,7,2,2,2,2,3,15
757,No,970,96,6142,7360,11,3,2,10,5,1,4,3,3,8
758,No,650,37,2500,4344,14,3,2,5,4,3,0,2,1,9
760,No,141,44,6389,18767,15,3,3,12,8,3,3,6,9,3
762,No,832,81,11103,20420,11,3,1,30,10,7,1,1,7,9
763,No,804,86,2342,22929,20,4,2,5,4,2,2,3,0,2
764,No,975,55,6811,23398,19,3,2,9,7,6,0,7,8,7
766,No,1090,83,2297,17967,14,3,2,2,2,2,2,2,1,10
769,No,346,86,2450,10919,17,3,4,19,2,2,2,2,2,6
771,No,1225,61,5093,4761,11,3,2,16,1,0,0,0,2,2
772,No,430,80,5309,21146,15,3,2,10,10,8,4,7,1,24
773,No,268,92,3057,20471,13,3,0,6,1,0,0,1,6,2
775,No,167,32,5121,4187,14,3,3,7,0,0,0,0,3,8
776,No,621,31,16856,10084,11,3,3,34,34,6,1,16,1,3
780,Yes,527,63,2686,5207,13,3,2,10,10,9,7,8,1,1
781,No,883,32,6180,22807,23,4,5,6,6,5,1,4,1,26
783,No,954,46,6632,12388,13,3,3,9,8,7,3,1,0,2
784,No,310,79,3505,19630,18,3,3,2,2,2,0,2,1,10
785,Yes,719,77,6397,10339,12,3,2,8,5,4,1,3,4,27
786,No,304,60,6274,18686,22,4,5,6,6,5,1,4,1,2
787,Yes,725,78,19859,21199,13,3,2,24,5,2,1,4,5,2
789,No,1434,76,7587,14229,15,3,1,10,10,7,0,9,1,8
791,No,715,41,4258,26589,18,3,3,5,4,3,1,2,0,19
792,No,575,71,4364,5288,14,3,2,5,2,2,2,0,3,1
793,No,657,66,4335,25549,12,3,3,11,8,7,1,1,4,27
796,Yes,1146,38,5326,3064,17,3,2,6,4,3,1,2,6,8
797,No,182,72,3280,13551,16,3,2,10,4,2,1,3,2,1
799,No,376,95,5485,22670,11,3,4,9,5,3,1,4,9,19
800,No,829,84,4342,24008,19,3,3,5,4,2,1,1,0,8
802,No,571,82,2782,19905,13,3,3,6,5,3,4,3,0,10
803,No,240,75,5980,26085,12,3,2,17,15,7,4,12,6,2
804,No,121,86,4381,7530,11,3,3,6,6,5,1,3,1,2
805,No,384,72,2572,20317,16,3,1,3,3,2,0,2,1,8
806,No,921,38,3833,24375,21,4,2,7,2,2,0,2,3,1
807,No,791,38,4244,9931,24,4,2,8,8,7,3,7,1,2
808,No,1111,93,6500,13305,17,3,1,6,3,2,1,2,5,8
809,No,570,66,18430,16225,13,3,4,24,24,7,14,9,1,8
811,Yes,1243,63,1601,3445,21,4,2,1,0,0,0,0,1,6
812,No,1092,60,2694,26551,11,3,4,1,1,0,0,0,1,9
813,No,1325,82,3149,21821,20,4,3,9,5,2,1,4,8,11
815,No,691,64,17639,6881,16,3,3,30,4,3,0,3,5,2
816,Yes,805,36,2319,6689,11,3,1,1,1,0,0,0,1,1
817,No,213,49,11691,25995,11,3,3,14,13,9,3,7,0,7
819,Yes,118,69,5324,26507,15,3,3,6,3,2,0,2,5,16
820,No,202,33,16752,12982,11,3,3,26,26,14,3,0,1,2
823,No,676,35,5228,23361,15,3,2,10,9,7,0,5,0,1
824,No,1252,81,2700,23779,24,4,3,10,10,7,0,7,1,23
825,Yes,286,31,19246,25761,12,3,2,40,31,15,13,8,7,2
826,No,1258,40,2506,13301,13,3,0,7,2,2,2,2,3,1
827,No,932,43,6062,4051,13,3,4,8,4,3,0,2,9,1
828,Yes,890,46,4382,16374,17,3,3,5,2,2,2,1,6,2
829,No,1041,36,2143,25527,13,3,2,8,5,2,0,4,4,13
830,No,859,98,6162,19124,12,3,3,14,14,13,6,8,1,4
832,No,720,51,5094,11983,14,3,6,10,1,0,0,0,6,16
833,No,946,52,6877,20234,24,4,4,12,0,0,0,0,5,2
834,No,252,95,2274,6153,14,3,3,1,1,0,0,0,1,2
836,No,933,98,4434,11806,13,3,3,10,9,8,7,8,1,29
837,No,471,45,6288,4284,15,3,3,13,4,3,1,2,2,12
838,No,702,100,2553,8306,16,3,3,6,5,2,1,3,1,16
840,Yes,1184,43,7654,5860,18,3,3,9,9,8,7,7,1,11
842,Yes,436,37,5160,21519,16,3,3,12,9,7,7,3,4,2
843,No,589,94,17159,5200,24,4,3,22,4,1,1,0,6,14
844,No,269,42,12808,8842,16,3,3,9,9,8,0,8,1,5
845,No,950,59,10221,18869,21,4,3,17,8,5,1,6,3,7
846,No,760,81,4779,3698,20,4,2,8,8,7,7,5,1,2
847,No,829,88,3737,2243,19,3,1,4,3,2,0,2,0,3
848,Yes,887,88,2366,20898,14,3,2,8,8,7,1,7,1,29
850,No,443,50,1706,16571,11,3,6,0,0,0,0,0,1,3
851,No,1318,66,16307,5594,14,3,2,29,20,6,4,17,2,26
852,No,625,50,5933,5197,12,3,2,10,5,2,2,3,9,4
854,No,180,65,3424,21632,13,3,3,6,4,3,0,1,7,2
855,No,586,48,4037,21816,22,4,5,9,9,8,0,8,1,1
856,No,1343,53,2559,17852,11,3,3,6,6,5,1,1,1,27
857,No,928,56,6201,2823,14,3,1,18,18,14,4,11,1,1
859,No,117,73,4403,9250,11,3,3,8,5,2,0,3,2,13
861,No,1012,75,3761,2373,12,3,3,10,5,4,0,3,9,5
862,No,661,78,10934,20715,18,3,3,35,5,2,0,4,7,7
864,No,930,74,10761,19239,12,3,2,18,5,4,0,2,4,9
865,No,638,91,5175,22162,12,3,3,9,5,3,1,3,5,8
867,No,890,81,13826,19028,22,4,3,31,9,8,0,0,3,25
868,No,342,66,6334,24558,19,3,2,9,1,0,0,0,4,16
869,No,1169,63,4936,23965,13,3,6,6,5,1,0,4,1,8
872,No,1230,33,4775,19146,22,4,2,4,2,2,2,2,6,1
874,No,986,62,2818,5044,24,4,2,10,3,2,0,2,2,8
875,No,1271,35,2515,9068,14,3,2,8,2,1,2,2,5,2
878,No,1278,77,2342,8635,21,4,3,6,5,4,0,3,0,8
879,No,141,98,4194,14363,18,3,3,5,5,3,0,3,1,3
880,No,607,66,10685,23457,20,4,2,17,17,14,5,15,1,9
881,Yes,130,96,2022,16612,19,3,3,10,10,2,7,8,1,25
882,No,300,61,2314,9148,12,3,2,4,3,0,0,2,0,1
885,No,583,87,4256,18154,12,3,1,5,5,2,0,3,1,4
887,No,1418,36,3580,10554,16,3,2,7,4,2,0,2,2,1
888,No,1269,46,3162,10778,17,3,2,6,5,2,3,4,0,4
889,No,379,48,6524,8891,14,3,3,10,10,8,5,3,1,5
893,No,395,98,2899,12102,19,3,3,3,2,2,1,2,0,9
894,No,1265,95,5231,23726,13,3,1,17,5,3,1,3,2,3
895,No,1222,48,2356,14871,19,3,2,8,6,4,0,2,3,11
896,Yes,341,48,2800,23522,19,3,3,5,3,2,0,2,6,1
897,No,868,73,11836,22789,14,3,3,28,2,0,2,2,5,8
899,No,672,78,10903,9129,16,3,2,16,13,10,4,8,3,25
900,No,1231,54,2973,21222,15,3,3,10,5,4,0,0,5,21
901,No,102,72,14275,20206,18,3,0,33,12,9,3,8,6,23
902,No,422,33,5562,21782,13,3,2,12,5,2,2,2,4,1
903,No,249,35,4537,17783,22,4,2,8,7,6,7,7,0,2
904,No,1252,32,7642,4814,13,3,2,10,10,0,0,9,1,19
905,No,881,98,17924,4544,11,3,3,31,31,6,14,7,1,2
909,No,1383,42,5204,7790,11,3,2,13,5,4,0,4,8,2
910,No,1075,57,2277,22650,11,3,4,7,4,3,0,3,3,3
911,Yes,374,87,2795,18016,24,4,2,1,1,0,0,1,1,25
912,No,1086,62,2532,6054,14,3,5,8,4,3,0,3,6,7
913,No,661,61,2559,7508,13,3,0,8,8,7,7,1,1,9
916,No,821,98,4908,24252,14,3,3,4,4,2,0,2,1,5
918,Yes,781,57,2380,13384,14,3,3,3,1,0,0,0,9,2
920,No,177,55,4765,23814,21,4,2,4,1,0,0,0,4,8
922,Yes,500,49,2044,22052,13,3,3,2,2,2,0,2,1,2
923,Yes,1427,65,2693,8870,19,3,3,1,1,0,0,0,1,18
924,No,1425,68,6586,4821,17,3,2,17,16,8,4,11,0,14
925,No,1454,65,3294,13137,18,3,3,3,3,2,1,2,1,2
926,Yes,617,34,4171,10022,19,3,3,4,3,2,0,2,0,27
927,Yes,1085,57,2778,17725,13,3,1,10,7,7,1,0,4,2
930,No,995,77,2377,9834,18,3,2,6,2,2,2,2,5,9
932,Yes,1122,70,2404,4303,21,4,2,8,2,2,2,2,7,6
933,No,618,76,2318,17808,19,3,2,1,1,1,0,0,1,4
934,No,546,83,2008,6896,14,3,3,1,1,0,1,0,1,10
936,No,462,68,6244,7824,17,3,6,10,5,4,0,3,7,14
939,No,1198,100,2799,3339,11,3,1,6,3,2,0,2,3,1
940,No,1272,37,10552,9255,13,3,3,24,6,0,0,4,2,5
941,No,154,41,2329,11737,15,3,2,13,7,7,5,2,3,7
942,No,1137,51,4014,19170,25,4,2,10,10,6,0,7,1,21
944,No,527,51,7403,22477,11,3,3,29,26,9,1,7,4,8
945,No,1469,51,2259,5543,17,3,2,13,0,0,0,0,4,20
947,No,1188,45,6932,24406,13,3,2,9,9,8,0,0,1,20
949,No,188,65,4678,23293,18,3,6,8,6,2,0,1,2,7
950,No,1333,80,13582,16292,13,3,3,15,15,12,5,11,1,1
951,No,1184,70,2332,3974,20,4,3,5,3,0,0,2,6,1
952,Yes,867,36,2413,18798,18,3,2,1,1,0,0,0,1,19
954,No,658,67,9705,20652,12,3,2,11,1,0,0,0,2,10
956,No,1283,52,4294,11148,12,3,2,7,7,7,0,7,1,1
957,No,263,59,4721,3119,13,3,3,20,18,13,2,17,2,6
958,No,938,79,2519,12287,21,4,6,16,11,8,3,9,4,2
959,Yes,419,37,2121,9947,13,3,3,1,1,0,0,0,1,21
960,Yes,129,84,2973,13008,19,3,2,1,1,0,0,0,1,4
961,No,616,41,5855,17369,11,3,2,10,9,7,8,5,0,12
964,No,1469,35,3617,25063,14,3,2,3,1,1,0,0,8,9
966,No,498,93,6725,13554,12,3,2,8,8,7,6,3,1,3
967,Yes,530,51,10325,5518,11,3,6,16,16,7,3,7,1,27
969,No,1069,42,6949,12291,14,3,3,6,5,0,1,4,0,1
970,Yes,625,46,10609,14922,11,3,2,17,14,1,11,7,5,1
972,No,805,57,4447,23163,12,3,5,9,9,7,0,8,1,4
974,No,1404,84,2157,18203,15,3,5,3,3,1,0,2,1,20
975,No,1219,86,4601,6179,16,3,3,5,5,2,1,0,1,18
976,No,1053,70,17099,13829,15,3,2,26,9,8,7,8,2,1
977,Yes,289,51,2479,26227,24,4,4,7,1,0,0,0,4,2
981,No,1376,45,14852,13938,13,3,3,22,17,13,15,2,6,2
982,No,231,62,7264,9977,11,3,2,10,8,4,7,7,5,8
983,No,152,85,5666,19899,13,3,1,6,5,3,1,3,1,10
984,No,882,92,7823,6812,13,3,2,12,10,9,0,8,6,3
985,No,903,41,7880,2560,18,3,3,9,8,7,0,7,0,2
986,Yes,1479,100,13194,17071,16,3,2,22,1,0,0,0,4,24
987,No,1379,64,5067,6759,19,3,3,20,19,10,2,7,1,16
990,No,1229,84,5079,25952,13,3,3,12,7,7,0,7,4,8
991,Yes,335,46,2321,10322,22,4,0,4,3,2,1,2,0,9
992,No,722,38,17444,20489,11,3,2,10,10,8,6,0,1,17
994,Yes,906,92,2404,11479,20,4,5,3,0,0,0,0,6,10
995,No,461,53,3452,17241,18,3,4,5,3,2,0,2,3,13
996,No,974,91,2270,11005,14,3,2,8,5,3,0,2,3,1
997,No,1126,66,17399,6615,22,4,1,32,5,4,1,3,9,1
998,No,827,84,5488,20161,13,3,2,6,6,5,1,2,1,1
999,No,840,64,19419,3735,17,3,2,21,18,16,0,11,2,9
1001,No,1134,37,2811,12086,14,3,2,4,2,2,2,2,9,16
1002,No,248,42,3633,14039,15,3,2,9,9,8,0,8,1,23
1003,No,955,83,4163,8571,17,3,0,9,9,0,0,7,1,4
1004,Yes,138,48,2132,11539,11,3,2,7,5,2,0,1,4,22
1005,No,939,95,13973,4161,18,3,2,22,12,11,1,5,3,24
1006,No,1391,66,2684,12127,17,3,0,3,2,1,0,2,0,10
1007,No,566,75,10845,24208,13,3,3,13,8,7,0,7,6,7
1009,No,1206,41,4377,24117,15,3,6,5,4,2,3,2,1,17
1010,Yes,622,39,3743,10074,24,4,2,5,4,2,0,2,1,14
1011,No,853,96,4148,11275,12,3,1,4,4,3,0,3,1,1
1012,No,287,73,1051,13493,15,3,2,0,0,0,0,0,1,5
1013,No,1441,56,10739,13943,11,3,2,22,10,7,0,8,8,17
1014,No,583,57,10388,6975,11,3,3,16,16,10,10,1,1,25
1015,No,153,73,11416,17802,12,3,4,9,8,7,1,7,0,8
1016,Yes,1097,98,2600,18275,15,3,2,1,1,0,0,0,1,11
1017,Yes,109,60,2422,25725,17,3,3,4,3,2,1,2,0,29
1018,No,1066,32,5472,3334,12,3,2,8,8,7,1,3,1,2
1019,No,217,94,2451,6881,15,3,3,4,4,3,1,1,1,8
1022,No,277,97,4240,13119,13,3,0,19,2,2,2,2,2,6
1024,No,1355,78,10999,22245,14,3,3,27,15,11,4,8,7,4
1025,No,549,42,5003,23371,14,3,6,8,2,2,2,1,6,7
1026,No,466,65,12742,7060,16,3,3,21,21,6,11,8,1,1
1027,No,1055,47,4227,4658,18,3,2,4,3,2,2,2,0,2
1028,No,802,45,3917,9541,20,4,4,3,3,2,1,2,1,10
1029,No,265,90,18303,7770,13,3,3,21,1,0,0,0,6,5
1030,No,804,64,2380,20165,18,3,5,8,1,0,0,0,4,9
1032,No,715,69,13726,21829,13,3,4,30,5,3,4,3,3,2
1033,Yes,1141,61,4777,14382,15,3,2,15,1,0,0,0,5,11
1034,No,135,62,6385,12992,14,3,3,17,8,7,6,7,3,18
1035,No,247,55,19973,20284,22,4,3,21,21,16,5,10,1,7
1036,No,1035,42,6861,4981,12,3,1,19,1,0,0,0,8,3
1037,Yes,265,79,4969,21813,18,3,6,7,2,2,2,2,8,29
1038,Yes,266,57,19845,25846,15,3,3,33,32,14,6,9,1,2
1039,No,1448,53,13320,11737,18,3,2,23,12,11,11,11,3,28
1040,No,145,95,6347,24920,12,3,3,19,18,7,0,13,0,1
1042,Yes,885,43,2743,8269,16,3,1,18,17,13,15,14,1,16
1043,No,945,82,10880,5083,13,3,2,21,21,6,2,8,1,22
1044,No,1038,88,2342,21437,19,3,2,3,2,2,2,2,0,8
1045,No,1234,90,17650,5404,13,3,4,26,9,3,1,1,3,11
1046,No,1109,69,4025,11135,12,3,2,10,8,7,7,7,9,29
1047,No,216,75,9725,12278,11,3,2,16,15,1,0,9,0,1
1048,No,1089,66,11904,11038,14,3,1,14,6,4,0,4,3,1
1049,No,788,36,2177,8318,16,3,3,6,6,3,0,4,1,24
1050,No,124,38,7525,23537,12,3,2,30,15,7,6,12,2,2
1052,Yes,660,81,4834,7858,14,3,3,9,1,0,0,0,7,15
1053,Yes,342,57,2042,15346,14,3,2,6,3,2,1,2,6,2
1055,No,1333,87,2220,18410,19,3,2,1,1,1,0,0,1,10
1056,No,1144,74,1052,23384,22,4,5,1,1,0,0,0,1,10
1060,No,1186,44,2821,2997,16,3,2,8,2,2,2,2,3,3
1061,No,1464,62,19237,12853,11,3,2,29,8,1,7,7,2,2
1062,No,124,35,4107,13848,15,3,3,8,4,3,0,1,3,3
1066,No,300,74,8396,22217,14,3,3,8,7,7,7,5,1,26
1068,No,921,66,2007,25265,13,3,5,5,5,3,1,3,1,1
1069,No,430,40,19627,21445,17,3,0,23,2,2,2,2,9,1
1070,No,1082,41,10686,8392,11,3,4,13,9,4,7,0,6,2
1071,No,1240,63,2942,12154,19,3,4,18,5,4,0,3,2,9
1073,No,796,51,8858,15669,11,3,2,15,14,8,7,8,0,12
1074,No,444,40,16756,17323,15,3,3,31,9,7,6,2,7,2
1076,No,415,79,10798,5268,13,3,5,18,1,0,0,0,5,25
1077,Yes,769,54,2323,17205,14,3,3,2,2,2,0,2,1,9
1079,Yes,1334,36,1416,17258,13,3,6,1,1,0,1,0,1,10
1080,No,1003,74,4615,21029,23,4,2,19,16,13,1,7,8,8
1081,Yes,1323,34,2461,10332,12,3,2,18,10,0,2,7,9,4
1082,Yes,1366,72,8722,12355,12,3,2,10,10,7,1,9,1,24
1083,No,192,59,3955,11141,16,3,2,6,5,3,1,3,1,1
1084,No,1176,85,9957,9096,15,3,1,7,6,2,0,2,0,20
1085,No,509,43,3376,18863,13,3,3,10,10,6,0,8,1,7
1088,No,330,65,8823,24608,18,3,4,20,19,9,1,9,0,17
1092,No,1492,61,10322,26542,20,4,6,14,11,10,11,1,4,20
1094,No,1277,87,4621,5869,19,3,4,3,3,2,1,2,1,8
1096,No,1091,65,10976,15813,18,3,4,23,3,2,1,2,3,2
1097,No,857,59,3660,7909,13,3,4,10,8,7,1,7,3,10
1098,Yes,1376,91,10482,2326,14,3,1,24,20,6,3,6,9,1
1099,No,654,34,7119,21214,15,3,2,9,3,2,1,2,4,5
1100,Yes,1204,86,9582,10333,22,4,2,9,8,7,4,7,0,4
1101,Yes,827,54,4508,3129,22,4,4,14,13,7,3,8,1,29
1102,No,895,50,2207,22482,16,3,5,4,4,2,2,2,1,15
1103,No,618,45,7756,22266,17,3,1,7,6,2,0,4,0,3
1105,No,309,88,6694,24223,14,3,5,8,1,0,0,0,2,10
1106,Yes,1219,32,3691,4605,15,3,3,7,7,7,5,6,1,4
1107,Yes,1330,37,2377,19373,20,4,0,1,1,1,0,0,1,21
1108,Yes,1017,55,2313,2993,20,4,0,5,2,2,2,2,4,25
1109,No,469,35,17665,14399,17,3,3,23,22,6,13,7,0,2
1111,Yes,1009,45,2596,7160,15,3,2,1,1,0,0,0,1,1
1113,Yes,959,81,4728,17251,14,3,4,5,0,0,0,0,3,1
1114,No,970,30,4302,13401,17,3,3,4,3,2,0,2,0,7
1115,No,697,40,2979,22478,17,3,2,6,0,0,0,0,3,3
1116,No,1262,35,16885,16154,22,4,3,27,5,4,2,1,2,1
1117,No,1050,65,5593,17970,13,3,2,15,15,10,4,12,1,9
1118,No,994,87,10445,15322,19,3,4,18,8,6,4,0,7,7
1119,No,770,73,8740,5569,14,3,2,9,8,7,2,7,0,10
1120,No,1107,93,2514,26968,22,4,1,11,7,5,1,7,4,28
1121,No,950,93,7655,8039,17,3,3,10,9,7,1,7,0,3
1124,No,406,52,17465,15596,12,3,3,23,12,9,4,9,3,3
1125,No,130,32,7351,20619,16,3,2,10,1,0,0,0,7,2
1126,No,1082,83,10820,11535,11,3,1,18,8,7,0,1,8,27
1127,Yes,203,84,12169,13547,11,3,4,21,18,7,11,5,7,2
1128,No,1308,44,19626,17544,14,3,2,21,20,7,4,9,1,14
1131,No,984,70,2070,25326,11,3,6,2,2,2,2,2,1,1
1132,No,439,70,6782,8770,15,3,2,9,5,4,0,3,9,9
1133,No,217,78,7779,23238,20,4,0,18,11,9,0,9,2,18
1135,No,793,67,2791,21981,12,3,4,3,2,2,2,2,0,20
1136,No,1451,67,3201,19911,17,3,2,6,5,3,0,4,0,2
1137,No,1182,54,4968,18500,11,3,3,5,5,2,0,2,1,11
1138,No,174,56,13120,11879,17,3,3,22,9,8,2,3,6,8
1140,No,1003,95,4033,15834,11,3,3,5,3,2,0,2,2,2
1143,No,490,61,3291,17940,14,3,2,8,7,5,1,1,0,10
1148,No,188,56,4272,9558,19,3,3,16,1,0,0,0,4,29
1150,No,718,79,5056,17689,15,3,2,10,10,7,1,2,1,8
1152,No,433,37,2844,6004,13,3,2,7,7,6,5,0,1,1
1154,No,773,39,2703,22088,14,3,2,3,3,1,0,2,1,6
1156,Yes,247,80,1904,13556,12,3,0,0,0,0,0,0,1,8
1157,Yes,603,77,8224,18385,17,3,3,6,5,2,0,3,0,9
1158,No,167,46,4766,9051,11,3,4,6,1,0,0,0,3,12
1160,Yes,874,72,2610,6233,12,3,5,2,2,2,2,2,1,15
1161,No,367,52,5731,17171,13,3,2,9,6,2,1,3,7,25
1162,No,199,55,2539,7950,13,3,0,4,4,2,2,2,1,6
1163,No,1400,70,5714,5829,20,4,3,6,6,5,1,3,1,9
1164,No,528,100,4323,7108,17,3,2,6,5,4,1,4,1,8
1165,Yes,408,45,7336,11162,13,3,3,11,11,8,3,10,1,23
1166,No,593,88,13499,13782,17,3,3,20,18,7,2,13,9,9
1167,Yes,481,44,13758,2447,12,3,2,22,21,9,13,14,0,12
1171,No,647,45,5155,2253,13,3,3,9,6,4,1,5,7,4
1172,No,982,58,2258,16340,12,3,2,10,8,0,1,7,6,1
1173,No,477,49,3597,6409,22,4,2,6,4,3,1,2,8,24
1175,Yes,1485,79,2515,22955,11,3,4,1,1,1,0,0,1,12
1177,No,1384,82,4420,13421,22,4,2,8,8,7,0,7,1,3
1179,No,852,72,6578,2706,18,3,3,10,10,3,1,4,1,10
1180,No,902,92,4422,21203,13,3,3,16,1,1,0,0,3,26
1182,No,819,44,10274,19588,18,3,2,15,7,7,6,4,2,2
1184,No,669,97,5343,25755,20,4,3,14,13,9,4,9,0,1
1185,No,636,47,2376,26537,13,3,2,2,2,2,2,2,1,4
1188,Yes,1372,85,5346,9489,13,3,2,7,4,3,1,3,8,9
1190,No,862,76,2827,14947,12,3,3,1,1,0,0,0,1,2
1191,No,718,92,19943,18575,13,3,2,28,5,2,4,2,4,4
1192,No,1401,54,3131,26342,13,3,5,10,10,8,0,8,1,6
1193,No,645,54,2552,7172,25,4,4,1,1,1,0,0,1,9
1195,No,1457,83,4477,20100,19,3,2,7,3,2,0,2,4,7
1196,No,977,56,6474,9961,13,3,2,14,14,8,3,11,1,1
1198,No,805,87,3033,12828,12,3,2,2,2,2,1,2,1,3
1200,Yes,1097,96,2936,10826,11,3,4,6,6,4,0,2,1,10
1201,No,1223,50,18606,18640,18,3,6,26,7,7,4,7,3,7
1202,No,942,69,2168,26933,18,3,2,6,5,4,1,3,0,15
1203,Yes,1256,48,2853,4223,11,3,5,1,0,0,0,0,0,27
1204,No,1402,69,17048,24097,23,4,2,28,26,15,15,9,8,2
1206,No,111,74,2290,4279,13,3,3,6,0,0,0,0,2,17
1207,No,147,99,3600,8429,13,3,2,5,5,4,1,4,1,2
1210,Yes,906,95,2107,20293,17,3,2,5,1,0,0,0,6,29
1211,No,1329,61,4115,13192,19,3,3,8,4,3,0,3,8,29
1212,No,1184,62,4327,25440,12,3,2,5,0,0,0,0,5,2
1215,No,1421,30,17856,9490,22,4,3,32,2,2,2,2,2,2
1216,No,1179,78,3196,12449,12,3,2,6,6,5,3,3,1,19
1217,No,1450,52,19081,10849,11,3,2,25,4,2,0,3,5,15
1218,No,1361,94,8966,21026,15,3,2,15,7,7,1,7,3,17
1219,Yes,984,97,2210,3372,13,3,3,1,1,0,0,0,1,17
1220,No,1146,82,4539,4905,12,3,3,10,10,7,0,1,1,25
1221,No,917,60,2741,6865,14,3,4,7,7,7,1,7,1,6
1224,No,853,49,3491,11309,13,3,4,10,10,7,8,9,1,7
1225,No,200,32,4541,7744,25,4,3,20,20,11,13,17,1,29
1226,No,654,43,2678,5050,17,3,2,2,2,1,2,2,1,21
1228,No,150,60,7379,17433,11,3,3,12,6,3,1,4,2,2
1231,No,179,79,6272,12858,16,3,3,10,4,3,0,3,7,2
1233,No,696,52,5220,10893,18,3,3,12,11,7,1,9,0,7
1234,No,116,77,2743,7331,20,4,2,2,2,2,2,2,1,13
1235,No,1316,38,4998,2338,14,3,2,10,8,7,0,7,4,2
1237,No,363,77,10252,4235,21,4,2,17,7,7,7,7,2,1
1238,No,117,60,2781,6311,13,3,5,15,14,10,4,10,0,9
1239,No,107,84,6852,11591,12,3,2,7,5,1,1,3,7,10
1240,No,1356,57,4950,20623,14,3,4,5,4,3,1,1,0,10
1241,No,1465,63,3579,9369,21,4,2,12,11,9,5,7,0,1
1242,No,458,60,13191,23281,17,3,6,20,1,0,0,0,3,26
1243,No,1212,78,10377,13755,11,3,6,16,13,2,4,12,4,8
1244,No,1103,42,2235,14377,14,3,3,9,9,7,6,8,1,14
1245,No,966,53,10502,9659,17,3,2,33,5,4,1,4,7,1
1246,No,1117,72,2011,19982,13,3,5,10,10,5,7,7,1,2
1248,Yes,504,96,1859,6148,25,4,2,1,1,1,0,0,1,10
1249,No,1010,97,3760,5598,15,3,5,3,3,2,1,2,1,1
1250,No,685,85,17779,23474,14,3,2,36,10,9,0,9,3,3
1251,No,1332,80,6833,17089,12,3,2,6,6,5,0,1,1,11
1252,No,1062,96,6812,17198,19,3,2,10,10,9,1,8,1,24
1254,No,326,48,5171,16490,17,3,2,13,6,1,0,5,5,3
1255,No,920,96,19740,18625,14,3,2,25,8,7,0,7,3,3
1256,No,1098,85,18711,12124,13,3,2,23,1,0,0,0,2,4
1257,No,469,46,3692,9256,12,3,2,12,11,10,0,7,1,3
1258,No,969,76,2559,16620,11,3,4,7,1,0,0,0,5,2
1259,No,1167,76,2517,3208,11,3,2,5,5,3,0,3,1,4
1260,No,1329,82,6623,4204,11,3,2,6,6,0,1,0,1,7
1263,No,715,76,18265,8733,12,3,3,25,1,0,0,0,6,1
1264,No,694,87,16124,3423,14,3,2,9,7,7,1,7,3,1
1265,No,1320,89,2585,21643,17,3,5,2,1,0,0,0,0,20
1267,No,1099,88,18213,8751,11,3,5,26,22,9,3,10,7,5
1268,No,536,82,8380,21708,14,3,3,10,9,8,0,8,0,10
1269,No,265,57,2994,21221,12,3,2,1,1,0,0,1,1,25
1270,No,373,47,1223,16901,22,4,2,1,1,0,0,1,1,1
1273,Yes,599,73,1118,8040,14,3,4,1,1,0,1,0,1,24
1275,No,583,53,2875,9973,20,4,2,8,8,5,2,2,1,4
1277,Yes,1449,94,18824,2493,16,3,2,26,24,10,1,11,2,2
1278,No,177,37,13577,25592,15,3,3,34,33,9,15,0,1,8
1279,Yes,251,45,2625,25308,20,4,2,2,2,2,2,2,1,10
1280,No,168,33,18789,9946,14,3,2,26,11,4,0,8,2,4
1281,No,131,86,4538,6039,12,3,3,4,3,2,0,2,0,2
1282,No,237,83,19847,19196,24,4,5,31,29,10,11,10,4,9
1283,No,1429,67,10512,20002,12,3,6,25,9,7,5,4,6,18
1285,No,135,46,4444,22534,13,3,2,15,11,8,5,10,4,19
1286,No,791,44,2154,6842,11,3,2,5,4,2,0,2,0,1
1288,No,1199,92,19190,17477,14,3,4,26,25,9,14,13,1,4
1289,No,648,56,4490,21833,11,3,5,14,10,9,1,8,4,11
1291,No,735,66,3506,6020,14,3,3,4,3,2,2,2,0,6
1292,No,603,78,2372,5628,16,3,2,18,1,0,0,0,6,7
1293,No,531,56,10231,20364,14,3,3,23,21,7,15,17,3,4
1294,No,429,53,5410,2323,11,3,2,18,16,14,5,12,9,2
1295,Yes,621,73,7978,14075,11,3,2,10,10,7,0,5,1,15
1296,No,193,52,3867,14222,12,3,2,2,2,2,2,2,1,2
1297,No,968,40,2838,4257,14,3,6,8,7,0,7,7,0,6
1298,No,879,72,4695,12858,18,3,3,10,8,4,1,7,7,9
1299,Yes,806,39,3339,17285,13,3,2,10,7,7,7,7,3,7
1301,No,640,84,2080,4732,11,3,2,5,3,2,1,2,2,1
1303,No,266,40,2096,18830,18,3,3,2,2,2,2,1,1,1
1304,No,604,56,6209,11693,15,3,4,10,10,7,0,8,1,8
1306,No,364,83,18061,13035,22,4,4,22,0,0,0,0,3,25
1307,No,412,94,17123,17334,13,3,4,21,19,9,15,2,6,13
1308,No,848,88,2372,26076,12,3,3,2,2,2,2,2,1,23
1309,Yes,1089,79,4883,22845,18,3,3,10,10,4,1,1,1,7
1310,Yes,360,93,3904,22154,13,3,2,6,5,2,0,3,0,23
1311,No,1138,48,4627,23631,12,3,6,10,9,2,6,7,0,6
1312,No,325,63,7094,5747,12,3,0,10,7,7,1,7,3,10
1314,No,991,44,3423,22957,12,3,3,10,7,6,5,7,6,1
1315,No,1476,55,6674,16392,11,3,6,10,9,8,7,5,0,1
1317,No,1322,43,16880,22422,11,3,2,25,3,2,1,2,4,28
1318,Yes,299,57,9094,17235,12,3,2,9,5,4,1,0,2,25
1319,Yes,1030,64,8446,21534,19,3,2,10,8,7,7,7,9,29
1321,No,634,95,11916,25927,23,4,2,9,9,1,0,8,1,17
1322,No,524,32,4534,13352,11,3,6,9,8,7,1,7,0,18
1324,No,587,57,9852,8935,19,3,5,10,10,8,9,6,1,2
1329,No,256,40,6151,22074,13,3,4,19,19,2,11,9,1,10
1331,Yes,1060,54,2302,8319,11,3,2,3,3,2,2,2,1,1
1333,Yes,935,89,2362,14669,12,3,4,10,3,2,1,2,4,27
1334,No,495,37,17861,26582,13,3,3,21,20,8,2,10,0,2
1336,No,282,58,19187,6992,14,3,5,23,19,9,9,11,4,2
1338,No,206,99,19717,4022,14,3,4,36,7,3,7,7,6,8
1340,No,458,74,3544,8532,16,3,0,6,4,2,0,0,9,16
1344,No,943,86,8500,5494,11,3,0,10,9,7,1,6,0,9
1346,No,523,98,4661,22455,13,3,4,9,9,8,8,8,1,2
1349,No,1018,66,4103,4297,17,3,2,10,9,3,1,7,0,1
1350,No,482,87,4249,2690,11,3,3,9,9,6,1,1,1,4
1352,No,770,84,14026,17588,11,3,2,33,33,9,0,10,1,5
1355,No,1009,31,6893,19461,15,3,3,11,7,7,1,7,3,2
1356,No,507,66,6125,23553,12,3,6,10,10,8,9,6,1,15
1358,No,882,67,3669,9075,11,3,6,7,3,2,1,2,3,19
1360,Yes,601,53,10008,12023,14,3,0,31,10,9,5,9,7,7
1361,No,329,88,2387,6762,22,4,3,7,4,2,0,3,3,1
1362,No,607,83,4639,2261,16,3,2,17,15,7,6,13,2,7
1363,No,855,54,7898,18706,11,3,2,11,10,9,0,8,1,4
1364,No,1291,98,2534,6527,14,3,4,5,1,0,0,0,8,11
1367,No,1405,82,13142,24439,16,3,1,29,5,2,0,3,3,11
1368,No,1124,97,1611,19305,15,3,5,0,0,0,0,0,1,1
1369,No,817,60,5363,10846,12,3,0,10,9,7,0,0,0,1
1371,No,793,43,5071,20392,20,4,3,8,6,2,0,0,3,2
1372,Yes,267,85,13695,9277,17,3,2,24,19,7,3,8,6,13
1373,No,1369,68,13402,18235,12,3,0,33,19,16,15,9,4,23
1374,No,999,92,2029,15891,20,4,2,5,5,4,0,0,1,26
1375,No,1202,89,6377,13888,20,4,0,15,12,11,11,8,5,2
1377,No,285,86,5429,17491,13,3,1,10,8,7,7,7,4,29
1379,Yes,703,90,2785,11882,14,3,3,3,1,0,0,0,7,2
1380,Yes,662,67,4614,23288,18,3,0,5,4,2,3,2,0,18
1382,No,693,57,2610,15748,11,3,2,4,4,2,0,3,1,7
1383,No,404,98,6687,6163,11,3,2,14,14,11,4,11,1,2
1387,No,736,48,4724,24232,11,3,0,5,5,3,0,4,1,26
1389,Yes,330,98,6179,21057,15,3,3,10,10,2,6,7,1,22
1390,No,1498,44,6120,3567,12,3,2,8,5,4,1,4,3,21
1391,No,541,52,10596,15395,11,3,5,14,4,2,3,2,2,2
1392,No,1200,75,5467,13953,14,3,4,12,6,2,3,3,3,22
1394,No,1439,54,2996,5182,15,3,2,8,6,4,1,3,7,4
1395,No,1111,61,9998,19293,13,3,2,8,5,4,1,2,6,5
1396,No,499,36,4078,20497,13,3,3,4,3,2,1,2,0,2
1397,No,1485,71,10920,3449,21,4,2,13,6,4,0,5,3,25
1399,No,1372,93,6232,12477,11,3,3,6,3,2,1,2,2,18
1401,No,322,59,13247,9731,11,3,3,24,5,3,0,2,2,28
1402,No,930,73,4081,20003,14,3,3,20,20,7,1,8,1,6
1403,No,205,98,5769,7100,11,3,3,6,6,2,4,4,1,10
1405,Yes,135,51,2394,25681,13,3,2,8,8,2,7,7,1,17
1407,No,683,36,3904,4050,12,3,2,5,4,3,1,1,0,2
1408,No,1147,31,16799,16616,14,3,5,21,20,7,0,9,0,10
1955,No,1146,34,6667,16542,18,3,6,9,5,1,1,2,5,15
1662,No,894,33,4374,15411,15,3,6,4,3,2,1,2,0,1
1630,No,208,52,4148,12250,12,3,5,15,14,11,2,9,1,8
2000,No,1162,98,11957,17231,18,3,3,14,13,8,5,12,0,1
1839,No,1431,33,1514,8018,16,3,4,0,0,0,0,0,1,14
1929,No,1251,32,5736,3987,19,3,1,10,3,2,1,2,6,21
1495,No,830,78,2033,7103,13,3,2,1,1,0,0,0,1,13
1756,No,1283,62,5147,10697,15,3,2,13,11,7,1,7,8,2
1900,No,117,58,17174,2437,11,3,3,24,22,17,4,7,3,22
2025,No,688,97,5131,9192,13,3,3,18,4,2,0,2,7,4
1760,No,594,75,2468,15963,14,3,4,9,6,1,0,5,4,2
1870,No,1131,77,4774,23844,19,3,2,8,7,6,7,3,0,15
1985,No,692,73,6323,26849,11,3,2,10,10,9,9,4,1,11
1513,No,410,97,3180,4668,13,3,3,4,3,2,0,2,0,2
1633,No,711,81,5042,3140,13,3,2,10,9,2,3,8,0,4
1480,No,748,74,3673,16458,13,3,3,12,12,9,5,8,1,9
1745,No,1312,78,4968,26427,16,3,2,10,9,7,0,7,0,2
1481,No,383,79,4768,9282,12,3,4,11,1,0,0,0,7,1
1833,No,1125,68,9637,8277,14,3,3,9,3,2,2,2,2,7
1987,No,309,82,2187,19655,14,3,3,6,2,0,1,2,4,2
1625,No,1176,98,19658,5220,11,3,2,27,5,2,1,0,3,26
1461,No,1398,96,2109,24609,18,3,3,8,3,2,0,2,9,8
1916,No,471,62,3978,16031,12,3,0,4,2,2,2,2,8,4
1829,No,750,47,4448,10748,12,3,3,15,7,4,7,7,2,12
1822,No,1194,52,6513,9060,17,3,3,12,5,3,0,3,4,1
1762,No,590,91,2109,10007,13,3,2,1,1,0,0,0,1,4
1658,No,1130,66,5433,19332,12,3,2,11,11,8,7,9,1,3
1635,No,1329,59,5770,5388,19,3,3,10,10,7,3,9,1,2
1656,No,813,50,13269,21981,15,3,3,19,14,11,1,11,5,17
1502,No,1099,82,3838,8192,11,3,5,8,5,4,0,2,8,4
1866,No,823,81,19392,22539,13,3,2,21,16,12,6,14,7,6
1786,No,942,53,13116,22984,11,3,2,15,2,2,2,2,2,3
1701,No,678,35,2929,20338,12,3,3,10,10,9,8,7,1,19
1647,No,486,86,3517,22490,17,3,0,5,3,2,0,2,7,8
1409,No,258,54,2950,17363,13,3,2,12,5,4,0,4,9,8
2015,No,201,99,13206,3376,12,3,3,20,18,16,1,11,3,10
1640,No,1470,71,3936,9953,11,3,2,8,8,4,7,7,1,10
1544,No,441,39,9715,7288,13,3,3,9,7,7,0,7,3,8
2052,No,287,62,2977,8952,12,3,5,4,4,3,1,1,1,1
1802,No,616,99,3377,25605,17,3,5,7,4,3,0,2,4,2
1617,No,722,84,3211,22102,14,3,3,10,9,6,1,4,1,25
1576,No,1108,65,2367,16530,12,3,3,10,8,2,7,6,8,15
1447,No,401,86,3294,3708,17,3,2,7,5,4,0,2,5,1
1555,No,824,67,5878,15624,12,3,2,12,7,1,2,5,3,5
1782,No,1153,40,3702,16376,11,3,3,5,5,4,0,4,1,6
1687,No,1495,87,3306,26176,19,3,5,7,0,0,0,0,7,4
1709,No,1082,43,2974,25412,17,3,2,9,5,3,1,2,9,9
1830,No,431,68,6854,15696,15,3,2,14,7,1,1,7,4,7
1628,No,884,80,10435,25800,13,3,2,18,18,15,14,12,1,15
1655,No,301,72,16413,3498,16,3,2,27,4,2,1,2,3,22
1969,No,155,67,2897,22474,11,3,6,9,4,3,2,3,3,9
1443,No,359,82,17169,26703,19,3,2,26,20,17,5,6,3,2
1888,No,556,93,5906,23888,13,3,2,10,9,8,3,8,0,25
1651,No,711,42,8008,22792,12,3,6,9,3,2,0,2,4,5
1607,No,634,35,3312,18783,17,3,3,6,3,2,0,2,3,5
2051,No,1194,98,2001,12549,14,3,2,20,5,3,0,2,2,2
1430,No,182,93,16422,8847,11,3,3,9,3,2,1,0,3,8
1411,No,1462,94,3629,19106,18,3,6,8,3,2,0,2,4,11
1816,No,1092,64,9667,2739,14,3,3,9,7,7,0,2,9,10
1525,No,1089,32,8376,9150,18,3,3,9,2,0,2,2,4,6
1856,No,207,64,2105,5411,12,3,2,7,2,2,2,0,4,9
2010,No,267,49,2837,15919,13,3,3,6,6,2,4,1,1,29
1735,No,160,51,3295,12862,13,3,3,3,3,2,1,2,1,4
1751,No,1054,67,3445,6152,11,3,5,6,6,2,1,4,1,8
2054,No,468,73,3785,8489,14,3,3,5,5,4,0,4,1,28
1529,No,1029,91,8606,21195,19,3,3,11,11,8,3,3,1,16
1719,No,1005,48,16704,17119,11,3,2,21,21,6,8,6,1,28
1422,No,971,54,17328,5652,19,3,3,29,20,7,12,7,6,1
1863,No,1319,45,13225,7739,12,3,5,25,19,17,2,8,2,3
1557,No,492,96,6439,13693,14,3,2,18,8,7,7,7,8,16
1428,No,855,73,4779,12761,14,3,3,8,3,2,0,2,7,7
1676,No,1225,47,15972,21086,14,3,2,29,3,2,1,2,6,2
2041,No,345,100,5343,5982,11,3,1,10,10,7,1,9,1,10
2045,No,1120,100,6652,14369,13,3,2,8,6,3,0,0,4,11
2056,No,722,60,12031,8828,11,3,2,21,20,9,9,6,0,24
1986,No,444,92,5677,4258,14,3,4,15,11,8,5,10,3,2
1875,No,1172,78,2856,3692,19,3,3,1,1,0,0,0,1,3
1527,No,228,51,16606,11380,12,3,2,23,13,12,5,1,8,3
1935,No,1443,89,5380,20328,16,3,3,6,0,0,0,0,4,11
1598,No,118,84,4639,11262,15,3,2,5,5,4,1,2,1,14
1784,No,196,91,5468,13402,14,3,3,13,12,7,5,7,1,29
2024,No,557,94,7644,12695,19,3,2,10,9,7,3,4,0,3
1673,No,1112,67,5476,22589,11,3,2,10,10,0,0,2,1,5
1436,No,329,98,5647,13494,13,3,3,11,3,2,0,2,4,16
2016,No,801,48,10422,24032,19,3,3,14,14,10,5,7,1,1
1898,No,511,89,6500,26997,14,3,5,9,8,7,0,7,0,2
1583,No,437,90,4198,16379,12,3,5,8,3,2,1,2,2,16
1585,No,884,73,6815,21447,13,3,5,15,1,0,0,0,6,1
1657,No,1141,31,2783,13251,19,3,3,2,2,2,2,2,1,2
1710,No,530,51,4502,7439,15,3,2,17,13,7,6,7,3,2
1779,No,511,32,6029,25353,12,3,3,6,2,2,2,2,5,3
2060,No,1167,30,2966,21378,18,3,2,5,4,2,0,0,0,5
2046,No,374,50,4850,23333,15,3,3,8,5,3,0,1,8,20
1757,No,1313,80,4507,8191,12,3,1,8,5,1,0,4,3,11
1858,No,280,43,2706,10494,15,3,2,3,3,2,2,2,1,1
1805,No,1336,100,2592,7129,13,3,3,13,11,10,3,8,5,2
1722,No,552,60,6430,20794,19,3,4,10,3,2,1,2,6,4
1804,No,1180,90,5762,24442,14,3,6,15,7,7,1,7,2,2
1468,No,218,55,13757,25178,11,3,5,16,9,8,4,8,2,8
1482,No,990,64,1274,7152,13,3,2,1,1,0,0,0,1,7
1449,No,663,81,3975,23099,11,3,2,11,8,7,0,7,3,9
1771,No,775,90,3055,6194,15,3,2,11,9,8,1,7,5,4
1994,No,1313,59,2008,20439,12,3,2,1,1,1,0,0,1,1
1934,No,1169,64,5467,2125,18,3,4,16,8,7,1,7,8,14
1574,No,1200,62,4087,25174,14,3,3,9,6,5,1,2,4,1
1813,No,343,52,2438,24978,13,3,2,7,3,2,1,2,4,9
2057,No,325,74,9936,3787,19,3,2,10,9,4,1,7,0,5
1764,No,953,65,2718,17674,14,3,3,12,7,7,0,7,2,5
1471,No,981,90,3162,7973,14,3,5,7,5,2,0,3,3,5
1947,No,1103,49,2144,2122,14,3,3,5,5,3,1,4,1,16
1440,No,1413,84,3500,25470,14,3,2,7,6,5,1,3,0,5
1976,No,335,37,4332,14811,12,3,2,20,20,9,3,7,1,23
2022,No,105,87,19431,15302,13,3,3,21,6,0,1,3,2,9
2019,No,585,40,3482,19788,15,3,3,16,9,8,0,0,2,29
1612,No,336,52,4385,24162,15,3,2,10,10,7,4,5,1,26
1731,No,543,87,4978,3536,11,3,3,4,1,0,0,0,7,2
1801,No,849,98,7991,25166,15,3,3,6,2,2,2,2,8,26
1563,No,888,71,6077,14814,11,3,2,10,6,3,1,2,3,10
1746,No,897,59,2145,2097,14,3,2,3,2,2,2,1,0,10
1590,No,995,87,8853,24483,19,3,0,6,6,4,1,3,1,2
1615,No,426,42,4724,17000,13,3,3,9,9,7,7,2,1,10
1485,No,829,71,17007,11929,14,3,3,16,14,8,6,9,7,15
1431,No,560,91,2996,20284,14,3,2,10,4,3,1,3,5,1
1653,No,772,77,5206,4973,17,3,6,7,7,7,0,7,1,2
1941,No,1064,42,19161,13738,15,3,3,28,5,4,4,3,3,2
1852,No,574,40,3812,7003,13,3,3,11,11,8,3,10,1,20
1997,No,508,72,5321,14284,11,3,1,10,8,3,7,7,2,6
1720,No,585,56,3433,17360,13,3,3,10,5,2,1,3,6,10
1918,No,1096,61,2544,7102,18,3,3,8,7,7,7,7,0,6
2061,No,884,41,2571,12290,17,3,3,17,5,2,0,3,4,23
1597,No,653,92,5063,15332,14,3,3,8,8,2,7,7,1,10
1668,No,1189,90,4735,9867,15,3,4,19,13,11,2,9,7,1
1922,No,1297,44,5399,14511,12,3,3,12,4,2,0,3,4,1
1412,No,200,60,9362,19944,11,3,2,10,2,2,2,2,2,18
1648,No,591,87,2580,6297,13,3,0,6,4,2,1,2,2,2
1812,No,766,83,4127,19188,18,3,6,7,2,1,2,2,2,20
1700,No,1278,31,9525,7677,14,3,2,6,6,3,1,3,1,1
2065,No,1023,63,5390,13243,14,3,3,17,9,6,0,8,2,2
1477,No,430,54,4373,17456,14,3,2,5,4,3,0,3,0,7
1507,No,467,55,4898,11827,14,3,5,5,4,2,1,3,0,7
1613,No,715,54,5332,21602,13,3,3,10,5,2,0,3,7,2
1853,No,1318,79,4648,26075,13,3,2,4,0,0,0,0,8,10
1794,No,1239,89,4071,12832,13,3,4,19,10,0,4,7,2,8
1865,No,352,87,2804,15434,11,3,3,1,1,0,0,0,1,6
1419,No,332,51,7988,9769,13,3,3,10,10,9,0,9,1,17
1778,No,244,97,3539,5033,13,3,5,10,9,7,1,8,0,2
1694,No,1441,94,3537,23737,12,3,1,8,4,2,1,2,5,22
1506,No,1423,72,1563,12530,14,3,2,1,1,0,0,0,1,1
1892,No,1137,98,16823,18991,11,3,3,22,19,7,11,16,2,1
1881,No,311,89,4197,18624,11,3,2,10,10,8,0,2,1,20
1627,No,170,76,3069,10302,15,3,3,11,10,8,0,7,0,3
1474,No,896,68,2345,8045,14,3,3,8,3,1,1,2,2,2
1857,No,706,82,8578,19989,14,3,4,12,9,8,4,7,3,2
1599,No,990,87,4876,5855,12,3,0,8,6,4,0,2,5,27
1940,No,1206,71,4771,14293,19,3,0,10,5,2,0,3,2,9
1424,No,1136,81,14732,12414,13,3,4,31,7,7,0,0,2,1
1484,No,1490,35,10466,20948,14,3,3,29,8,7,0,7,3,7
1859,No,726,93,6384,21143,17,3,3,11,7,0,1,6,8,29
1619,No,1302,67,4066,16290,11,3,3,7,7,7,0,7,1,19
1671,No,977,45,5470,25518,13,3,4,10,9,5,1,6,0,2
1553,No,538,66,7441,20933,12,3,4,10,10,8,7,7,1,1
1725,No,506,91,3907,3622,13,3,2,6,6,2,1,2,1,29
1551,No,350,57,2296,10036,14,3,3,2,1,1,0,0,0,21
1871,No,835,41,3902,5141,14,3,2,7,2,2,2,2,8,19
2031,No,300,56,18880,17312,11,3,2,24,22,6,4,14,5,2
1543,No,674,47,4285,3031,17,3,2,10,10,8,3,7,1,13
1434,No,1377,91,2099,7679,14,3,3,6,5,0,1,4,0,11
1621,No,819,48,5208,26312,11,3,2,16,16,15,1,10,1,18
2068,No,628,82,4404,10228,12,3,3,6,4,3,1,2,2,8
1689,No,1395,48,7005,3458,15,3,2,11,4,3,1,2,3,24
1867,No,1224,91,19665,13583,12,3,3,29,22,10,12,9,4,10
1989,No,911,76,3748,4077,13,3,6,12,12,8,1,7,1,1
1954,No,136,89,5373,6225,12,3,5,6,5,3,0,2,0,1
1473,No,1495,96,6651,21534,14,3,0,20,3,2,1,2,2,5
1971,No,574,30,7510,16873,17,3,1,10,10,9,0,9,1,11
1415,No,949,81,3229,4910,11,3,2,7,3,2,0,2,4,1
1438,No,465,74,3420,10205,12,3,2,17,6,5,1,2,7,1
1826,No,185,91,2705,9696,16,3,2,6,5,4,0,3,0,23
1609,No,241,48,2141,5348,12,3,3,6,6,4,1,1,1,7
1696,No,1157,57,3986,11912,14,3,3,15,15,10,4,13,1,5
1931,No,1354,41,2226,6073,11,3,3,6,5,3,1,2,1,2
1721,No,741,69,3477,18103,14,3,2,6,5,2,0,3,1,2
1729,No,793,33,2862,3811,12,3,2,10,10,0,0,8,1,16
1580,No,1351,45,5484,13008,17,3,3,9,2,2,2,1,9,1
1903,No,170,78,5033,9364,15,3,5,10,2,0,2,2,2,1
1542,No,1210,68,4841,24052,14,3,3,4,1,0,0,0,4,2
1601,No,1349,63,2690,7713,18,3,5,1,1,0,0,1,1,7
1911,No,1396,83,13348,14842,13,3,3,18,13,7,5,7,9,6
1799,No,1181,82,2044,5531,11,3,6,5,5,3,0,3,1,1
1763,No,305,58,5294,9128,16,3,3,10,7,0,1,7,3,16
1707,No,581,62,4401,17616,16,3,1,5,5,3,0,4,1,9
2062,No,613,42,9991,21457,15,3,5,9,7,7,1,7,4,6
1523,No,136,32,16328,22074,13,3,1,24,20,6,14,17,3,28
1728,No,1370,49,6883,5151,16,3,3,17,7,7,0,7,2,27
1798,No,867,90,3143,6076,19,3,1,14,10,8,7,6,6,8
1592,No,977,45,2073,12826,16,3,2,4,2,2,2,2,2,10
1682,No,1351,80,5347,7419,14,3,2,10,3,2,0,2,6,26
2012,No,543,83,2406,4060,19,3,3,8,1,0,0,0,8,1
1803,No,1128,95,5538,5696,18,3,2,10,0,0,0,0,5,13
1596,No,750,46,3407,25348,17,3,3,10,10,9,6,8,1,28
1514,No,1083,96,6549,3173,14,3,2,8,8,6,1,7,1,29
1558,No,598,91,2451,22376,18,3,2,5,1,0,0,0,6,9
1618,No,1387,76,5377,3835,13,3,3,10,7,7,7,7,2,10
1698,No,267,79,2028,13637,18,3,6,14,14,11,2,13,1,21
1770,No,478,60,19038,19805,12,3,2,34,1,0,0,0,8,2
1631,No,671,85,5768,26493,17,3,2,9,4,3,0,2,3,19
1718,No,390,62,2305,6217,15,3,3,3,3,2,0,2,1,17
1435,No,172,37,5810,22604,16,3,2,10,10,4,1,8,1,4
1659,No,311,77,2013,10950,11,3,4,15,4,3,1,3,2,7
1533,No,507,97,2272,24812,14,3,2,5,4,3,1,2,0,20
1577,No,479,35,2972,22061,13,3,4,1,1,0,0,0,1,7
2014,No,116,52,4108,5340,13,3,2,18,7,7,1,7,7,24
1981,No,771,45,4617,14120,12,3,2,4,4,3,1,2,1,1
2008,No,1395,48,5098,18698,19,3,5,10,10,7,0,8,1,9
1814,No,447,85,6870,15530,12,3,3,11,3,2,1,2,3,5
2048,No,1322,52,2809,2725,14,3,2,8,2,2,2,2,2,2
1952,No,157,95,2867,20006,13,3,6,8,7,7,7,6,0,1
1727,No,717,34,5562,9697,14,3,3,19,10,7,0,9,6,13
1677,No,809,36,15379,22384,14,3,2,23,8,7,0,0,4,1
1623,No,546,97,3117,26009,18,3,2,3,2,2,2,2,1,5
1417,No,652,100,3578,23577,12,3,2,8,7,7,0,7,0,7
1564,No,992,68,2450,21731,19,3,3,3,3,0,1,2,1,1
1545,No,575,44,4320,24152,13,3,2,5,5,3,0,2,1,25
1883,No,592,59,2062,19384,14,3,2,11,3,2,1,2,3,7
2038,No,529,78,2439,11288,14,3,4,4,4,2,1,2,1,2
1475,No,1467,49,3420,21158,13,3,3,6,5,2,1,3,1,20
1860,No,1142,81,3968,13624,13,3,3,8,0,0,0,0,4,8
2007,No,581,63,3375,17624,12,3,2,4,3,2,1,2,0,1
1982,No,571,78,2647,13672,13,3,6,5,5,2,1,4,1,12
1472,No,447,39,16598,19764,12,3,2,35,9,8,8,8,4,2
1453,No,326,31,10793,8386,18,3,5,13,13,7,9,9,1,8
1754,No,979,94,7140,3088,11,3,2,12,7,7,1,7,2,15
2037,No,930,57,8938,12227,11,3,5,14,5,4,0,4,2,3
1951,No,1239,39,8628,22914,18,3,2,9,8,7,1,1,1,13
1497,No,1246,77,8620,23757,14,3,3,10,10,7,0,4,1,19
1670,No,392,93,5505,3921,14,3,5,6,6,2,0,4,1,2
1466,No,1221,96,5486,24795,11,3,3,15,2,2,2,2,4,7
1548,No,1342,47,5473,19345,12,3,5,9,8,4,7,1,0,9
1560,No,1242,46,6392,10589,13,3,6,8,2,2,2,2,2,8
1996,No,1154,54,3067,6393,19,3,1,3,2,2,1,2,0,2
1749,No,1003,51,8346,20943,19,3,3,6,5,2,0,2,1,5
2013,No,234,68,2269,18024,14,3,2,3,2,2,2,2,0,1
1945,No,682,71,5561,15975,16,3,2,6,5,3,0,4,0,18
1568,No,1288,33,9250,17799,12,3,3,9,4,2,1,3,3,29
1582,No,1245,80,9924,12355,11,3,3,10,9,8,7,7,0,14
1739,No,371,80,9610,3840,13,3,2,10,4,3,0,2,3,19
1492,No,660,76,2404,16192,13,3,3,1,1,0,0,0,1,7
1446,No,601,97,9204,23343,12,3,3,7,4,3,0,3,4,7
1588,No,1462,38,8237,4658,11,3,3,11,7,6,7,6,2,6
1787,No,589,46,4189,8800,14,3,2,5,5,2,0,3,1,9
1908,No,335,33,5507,16822,16,3,1,12,4,2,1,3,2,17
1995,No,1321,86,4440,7636,15,3,3,16,15,13,5,8,0,1
1479,No,1358,96,5301,2939,15,3,2,4,2,1,2,2,8,16
1961,No,1404,59,2858,11473,14,3,3,20,1,0,0,0,4,1
1975,No,119,77,13341,25098,12,3,3,21,20,8,11,10,0,15
1740,No,611,88,19833,4349,14,3,3,21,21,8,12,8,1,7
1924,No,217,43,5487,10410,14,3,2,10,10,4,0,9,1,10
1650,No,469,42,5869,23413,11,3,2,8,5,2,1,4,9,10
1836,No,572,46,4684,9125,13,3,4,5,5,3,1,2,1,10
1478,No,1326,81,4759,15891,18,3,2,15,13,9,3,12,3,3
1680,No,727,54,2728,21082,11,3,3,2,2,2,0,2,1,9
1469,No,866,84,8463,23490,18,3,4,6,5,4,1,3,0,5
1708,No,918,35,9241,15869,12,3,3,10,10,8,8,7,1,6
1965,No,954,44,4105,5099,14,3,5,7,7,7,0,7,1,9
1602,No,563,56,17567,3156,15,3,5,27,26,0,0,12,1,1
1605,No,457,85,2814,10293,14,3,2,4,4,2,1,3,1,26
1937,No,1394,58,2133,18115,16,3,3,20,20,11,0,7,1,8
1646,No,567,32,3760,17218,13,3,2,6,6,3,1,3,1,2
1850,No,1297,53,2379,19826,14,3,3,6,5,4,0,2,0,5
1683,No,528,44,3195,4167,18,3,2,8,2,2,2,2,4,1
2040,No,1146,31,8837,16642,16,3,2,9,9,0,1,7,1,26
1608,No,1313,31,19049,3549,14,3,4,23,22,7,1,10,0,7
1827,No,1001,92,10333,19271,12,3,4,28,22,11,14,10,8,4
1674,No,464,74,2587,24941,16,3,2,17,2,2,2,2,4,16
1974,No,1276,59,1129,17536,11,3,4,1,1,0,0,0,1,2
1886,No,219,44,4788,25388,11,3,2,4,3,2,0,2,0,16
1893,No,482,90,2933,14908,13,3,3,1,1,0,1,0,1,1
1724,No,369,92,6516,5041,16,3,3,18,1,0,0,0,2,8
2009,No,501,95,4878,21653,13,3,6,10,9,7,8,1,0,15
1661,No,465,41,13966,11652,19,3,3,30,15,11,2,12,2,6
1703,No,921,96,7879,14810,19,3,2,9,8,7,6,7,1,2
1638,No,397,54,7756,14199,19,3,6,10,5,4,0,2,3,2
1614,No,559,76,4663,12421,12,3,2,7,3,2,1,1,9,12
1587,No,670,51,6142,4223,16,3,4,10,5,2,0,4,3,10
1611,No,1015,50,5769,23447,14,3,3,10,10,7,1,4,1,5
1980,No,157,77,4440,25198,19,3,3,9,5,2,1,4,6,10
1641,No,448,84,7945,19948,15,3,2,18,4,2,3,3,6,16
1815,No,796,81,10447,26458,13,3,3,23,22,14,13,5,0,4
1912,No,1079,86,6583,20115,11,3,2,8,5,2,1,4,2,10
1962,No,1224,55,5204,13586,11,3,2,10,10,8,0,9,1,7
1915,No,735,75,8103,16495,12,3,3,9,4,2,0,1,3,3
1880,No,1266,63,5673,6060,13,3,4,10,10,9,1,7,1,10
1503,No,571,78,4591,24200,17,3,4,11,5,4,1,2,3,14
1938,No,605,72,17875,11761,13,3,2,29,1,0,0,0,4,21
1445,No,1476,42,4162,15211,12,3,3,5,5,4,0,3,1,4
1425,No,1174,99,9278,20763,16,3,3,15,5,4,0,1,3,3
1552,No,1142,72,4069,8841,18,3,2,8,2,2,2,2,3,8
1948,No,976,48,3065,3995,13,3,3,4,4,2,2,3,1,3
1737,No,792,77,6472,8989,15,3,2,9,9,8,5,8,1,1
1774,No,1375,87,4001,12313,14,3,3,15,15,14,0,7,1,10
1642,No,602,37,5743,10503,11,3,3,14,10,7,0,2,4,1
1972,No,1444,88,2991,5224,11,3,2,7,6,2,1,2,0,1
1837,No,1216,87,15787,21624,14,3,3,23,2,2,2,2,2,15
1932,No,735,86,5747,26496,15,3,3,16,15,10,6,11,1,22
1594,No,1302,80,5562,19711,13,3,3,9,3,2,0,2,3,6
1606,No,1234,41,11245,20689,15,3,3,32,30,8,12,13,2,20
1547,No,288,40,10124,18611,14,3,3,24,20,8,13,9,2,2
2049,No,1199,80,5689,24594,14,3,2,10,10,2,0,2,1,18
1704,No,146,79,4930,13970,14,3,2,6,5,4,1,4,0,2
1496,No,1193,86,10209,19719,18,3,2,16,2,2,2,2,5,2
1539,No,333,88,14411,24450,13,3,2,32,32,6,13,9,1,22
1753,No,461,70,6294,23060,12,3,5,10,3,2,0,2,8,1
1927,No,783,42,6834,19255,12,3,2,7,7,7,0,7,1,1
1973,No,189,71,19636,25811,18,3,0,35,10,9,1,4,4,26
1460,No,1038,95,10851,19863,18,3,2,24,7,7,0,7,2,20
1789,No,734,46,19328,14218,17,3,3,24,2,1,2,2,7,2
1998,No,557,35,5410,11189,17,3,3,9,4,3,1,2,6,18
1992,No,977,57,3977,7298,19,3,2,7,2,2,0,2,6,2
1448,No,1283,90,2127,5561,12,3,5,7,4,2,0,3,2,5
1501,No,1229,30,4035,16143,16,3,2,4,3,2,1,2,0,4
1766,No,833,60,5811,24539,16,3,2,15,1,0,1,0,3,18
1549,No,589,79,5207,22949,12,3,3,15,15,14,5,7,1,28
2053,No,1378,46,4025,23679,13,3,2,10,4,3,0,3,4,13
1790,No,1383,90,8321,25949,13,3,1,15,12,8,5,7,7,10
2003,No,1490,43,2660,20232,11,3,3,5,2,2,2,2,7,11
1465,No,1448,55,9380,14720,18,3,4,10,3,1,1,2,4,29
1755,No,181,97,2932,5586,14,3,3,6,5,0,1,2,0,2
1586,No,1370,87,4723,16213,18,3,3,10,10,9,1,5,1,3
2020,No,1037,42,2436,13422,12,3,2,6,4,3,1,2,6,1
1515,No,516,69,6388,22049,17,3,6,14,0,0,0,0,2,8
1669,No,991,43,4187,3356,13,3,3,10,10,0,0,9,1,5
1732,No,1277,74,10368,5596,12,3,5,13,10,6,0,3,4,2
1943,No,419,77,5087,2900,12,3,4,14,0,0,0,0,3,12
1535,No,971,64,7083,12288,14,3,3,10,10,9,8,6,1,1
1591,No,264,59,19331,19519,16,3,2,27,1,0,0,0,4,9
1706,No,1179,73,7847,6069,17,3,3,10,10,9,8,8,1,2
1882,No,1480,64,9713,24444,13,3,3,9,5,3,1,0,2,4
2021,No,501,58,2380,25479,11,3,6,2,2,2,1,2,1,5
1678,No,1206,80,7082,11591,16,3,2,21,2,0,0,2,3,23
1979,No,697,40,11031,26862,20,4,2,13,11,7,4,8,4,10
1845,No,589,67,5154,19665,22,4,3,10,8,7,5,7,4,2
1520,No,1050,87,16032,24456,20,4,2,26,14,9,1,12,3,11
1675,No,148,42,2440,23826,22,4,3,4,4,3,3,3,1,2
1736,No,163,30,5238,6670,20,4,3,9,5,4,1,4,2,24
1744,No,176,56,9756,6595,21,4,2,9,5,0,0,3,4,4
1622,No,580,39,4877,20460,21,4,5,6,5,3,0,0,0,27
1581,No,474,89,2061,11133,21,4,5,1,1,0,0,0,1,3
2034,No,582,60,13570,5640,23,4,3,21,20,7,0,10,0,28
1441,No,1255,90,2066,10494,22,4,3,5,3,2,1,0,2,1
1665,No,584,91,17426,18685,25,4,6,36,10,8,4,7,3,22
1509,No,271,43,4789,23070,25,4,3,10,3,2,1,2,4,3
1834,No,1217,67,3591,12719,25,4,3,3,3,2,1,2,1,1
1864,No,728,36,3540,7018,21,4,5,9,9,8,5,8,1,23
1909,No,337,54,4393,26841,21,4,3,14,5,4,1,4,5,8
1554,No,1402,98,2430,26204,23,4,5,6,5,3,4,2,0,28
2035,No,704,95,6712,8978,21,4,2,8,8,7,1,7,1,28
2026,No,667,57,6306,26236,21,4,2,13,13,12,1,9,1,1
1949,No,1351,66,2810,9238,22,4,3,5,5,4,0,2,1,9
1712,No,1238,74,10748,3395,23,4,3,25,23,15,14,4,3,1
1854,No,355,38,2936,6161,22,4,1,10,6,3,3,3,3,10
1693,No,786,76,2570,11925,20,4,5,7,7,7,5,7,1,7
1824,No,350,52,16291,22577,22,4,0,37,16,9,14,14,4,2
2036,No,301,88,5406,10436,24,4,4,15,15,12,11,11,1,15
1890,No,1213,94,3886,4223,21,4,2,10,10,1,0,8,1,2
1970,No,1303,36,5968,18079,20,4,2,9,9,7,2,8,1,7
1956,No,1125,48,5003,5771,21,4,6,10,10,8,8,7,1,1
1644,No,365,89,15202,5602,25,4,3,23,2,2,2,2,2,4
1849,No,1422,92,5675,19246,20,4,5,7,7,7,7,7,1,2
1499,No,330,46,2064,15428,21,4,3,6,5,3,1,3,0,1
1697,No,370,92,10883,20467,20,4,2,19,1,0,0,0,3,1
1664,No,1040,79,6842,26308,20,4,3,13,5,4,0,4,6,3
1772,No,548,94,2289,20520,20,4,2,5,5,3,0,4,1,9
1768,No,855,57,2766,8952,22,4,6,7,5,3,0,4,8,12
1654,No,492,66,5295,7693,21,4,3,7,5,4,1,0,4,12
1936,No,867,87,5151,12315,25,4,3,10,10,0,7,9,1,9
1873,No,836,98,2662,7975,20,4,2,19,5,2,0,4,8,2
1483,No,405,93,4900,2721,24,4,2,13,12,9,2,8,0,1
1666,No,1291,65,17603,3525,24,4,3,14,14,10,6,11,1,15
1999,No,642,76,2782,21412,22,4,3,12,5,3,1,0,3,1
1546,No,950,97,2132,4585,20,4,3,8,5,4,0,3,4,28
1993,No,1180,84,8633,13084,23,4,3,25,17,14,12,11,2,25
1800,No,1253,65,13464,7914,21,4,3,9,4,3,2,2,7,10
1516,No,495,64,11244,21072,25,4,5,10,5,2,0,0,2,10
1966,No,1373,56,9679,10138,24,4,1,8,1,0,0,0,8,5
1595,No,1059,93,19613,26362,22,4,2,24,1,0,0,1,8,9
1578,No,685,60,19586,23037,21,4,3,36,36,6,2,13,1,26
1823,No,810,92,6799,22128,21,4,5,10,10,8,4,8,1,8
1950,No,937,32,9888,6770,21,4,3,14,14,8,2,1,1,1
1775,No,661,60,12965,22308,20,4,2,27,3,2,0,2,4,1
1681,No,530,36,5368,16130,25,4,2,7,6,5,1,2,1,16
2017,No,161,42,13744,15471,25,4,2,16,16,11,6,8,1,10
1423,No,1055,76,19701,22456,21,4,3,32,9,8,1,5,3,1
1847,No,430,73,6962,19573,22,4,2,15,1,0,0,0,4,2
2018,No,1382,85,4907,13684,22,4,3,6,5,3,0,4,0,8
1835,No,723,77,5405,4244,20,4,4,20,4,2,0,3,2,2
1550,No,898,38,16437,17381,21,4,2,21,21,7,7,7,1,6
2064,No,155,87,6142,5174,20,4,0,6,6,2,0,3,1,4
1885,No,783,78,4284,13588,22,4,2,16,5,3,0,4,5,7
1541,No,1440,55,2308,4944,25,4,4,12,11,10,5,7,0,7
1556,No,1157,70,2644,17001,21,4,3,7,3,2,1,2,3,2
1747,Yes,600,66,2180,9732,11,3,0,6,4,2,1,2,6,8
1944,Yes,1337,58,2863,19555,12,3,2,1,1,0,0,0,1,22
1459,Yes,1445,100,7446,8931,11,3,2,10,10,8,4,7,1,1
1537,Yes,561,33,4084,4156,12,3,2,7,7,2,7,7,1,27
1487,Yes,115,51,5765,17485,11,3,4,7,5,3,0,0,5,13
1427,Yes,667,50,1359,16154,12,3,3,1,1,0,0,0,1,1
1467,Yes,1107,52,2742,3072,15,3,0,2,2,2,2,2,1,9
1572,Yes,607,78,10169,14618,16,3,4,34,33,7,1,9,0,2
1433,Yes,202,34,1261,22262,12,3,3,1,1,0,0,0,1,8
1752,Yes,428,52,2760,14630,13,3,3,2,2,2,2,2,1,9
1807,Yes,234,93,5346,6208,17,3,3,11,7,1,0,7,4,9
1504,Yes,289,38,2561,5355,11,3,2,8,0,0,0,0,7,2
2044,Yes,878,94,6728,14255,12,3,3,12,6,3,0,1,7,1
1716,Yes,1093,82,12936,24164,11,3,3,25,23,5,14,10,7,9
1486,Yes,1496,92,2909,15747,15,3,3,5,3,2,1,2,3,1
2023,Yes,638,33,1790,26956,19,3,3,1,1,0,1,0,1,9
1928,Yes,746,45,1091,10642,17,3,3,1,1,0,0,0,1,24
1842,Yes,359,89,2956,21495,17,3,4,2,1,0,0,0,0,18
1714,Yes,240,58,1555,11585,11,3,2,1,1,0,0,0,1,22
1960,Yes,1404,32,2367,18779,12,3,2,6,4,1,0,3,5,17
2032,Yes,310,72,2339,3666,11,3,4,14,10,9,9,8,8,7
1573,Yes,903,81,4855,7653,11,3,2,7,5,2,1,4,4,2
1522,Yes,224,100,2362,7568,13,3,2,11,9,7,0,7,6,1
1907,Yes,1162,97,2587,10261,16,3,3,5,4,2,1,0,1,24
1534,Yes,676,86,2018,21831,14,3,3,15,5,4,1,0,3,9
1809,Yes,370,58,4213,4992,15,3,4,10,10,3,0,8,1,10
1692,Yes,1259,95,1393,24852,12,3,2,1,1,0,0,0,1,2
1457,Yes,377,52,10096,15986,11,3,1,28,7,7,4,3,4,9
1439,Yes,383,68,4400,15182,12,3,2,6,3,2,2,2,3,9
1639,Yes,737,55,10306,21530,17,3,3,15,13,12,6,0,9,10
1562,Yes,740,64,9714,5323,11,3,4,10,10,8,6,7,1,1
1761,Yes,1079,70,8161,19002,13,3,2,10,1,0,0,0,2,16
1734,Yes,964,34,6735,12147,15,3,2,10,0,0,0,0,6,1
1780,Yes,337,31,2679,4567,13,3,3,1,1,0,1,0,1,7
1876,Yes,945,89,1081,16019,13,3,3,1,1,0,0,0,1,9
1939,Yes,238,47,2432,15318,14,3,2,8,4,1,0,3,3,29
1421,Yes,337,84,7553,22930,12,3,1,9,8,7,7,7,0,14
1691,Yes,708,95,2655,11740,11,3,3,19,9,7,7,7,2,7
1624,Yes,544,70,1569,18420,12,3,2,0,0,0,0,0,1,27
1818,Yes,920,69,2148,6889,11,3,3,6,5,1,1,4,0,20
1569,Yes,104,69,2074,26619,12,3,2,1,1,0,0,0,1,2
1783,Yes,1294,79,2398,15999,17,3,6,1,1,0,0,0,1,8
1933,Yes,1475,84,9854,23352,11,3,0,6,2,0,2,2,3,13
1792,Yes,429,99,2342,11092,12,3,2,6,5,3,2,3,1,1
1464,Yes,523,94,3722,21081,13,3,2,7,2,2,2,2,6,2
1767,Yes,807,38,2437,15587,16,3,4,6,1,0,0,0,9,17
1494,Yes,381,89,3172,16998,11,3,2,4,0,0,0,0,2,9
1967,Yes,754,63,5617,21075,11,3,4,10,10,7,0,8,1,26
1844,Yes,350,56,2335,3157,15,3,3,4,2,2,2,0,4,13
2027,Yes,1092,36,4787,26124,14,3,3,4,2,2,2,2,9,1
1604,Yes,329,51,2408,7324,17,3,3,1,1,1,0,0,1,24
1649,Yes,1329,73,2166,3339,14,3,3,10,4,2,0,3,3,7
1684,Yes,1320,93,3989,20586,11,3,2,5,5,4,1,2,1,8
2055,Yes,410,39,10854,16586,13,3,3,20,3,2,2,0,4,28
1645,Yes,763,59,5440,22098,14,3,2,7,2,2,2,2,6,15
1733,Yes,1456,96,6134,8658,13,3,3,16,2,2,2,2,5,13
1968,Yes,1168,66,10448,5843,13,3,2,15,2,2,2,2,6,24
1862,Yes,414,82,9907,26186,12,3,3,7,2,2,2,2,7,2
1797,Yes,303,84,5813,13492,18,3,2,10,10,7,7,7,1,27
1821,Yes,261,66,8926,10842,22,4,2,13,9,7,3,7,4,21
1869,Yes,1254,64,7314,14011,21,4,2,14,8,7,0,7,5,10
1420,Yes,1475,97,4284,22710,20,4,2,20,4,3,1,3,3,28
1458,Yes,592,54,3646,17181,23,4,2,11,1,0,0,0,2,2
1489,Yes,790,40,4599,7815,23,4,2,16,15,9,10,10,0,24
1758,Yes,211,74,8564,10092,20,4,2,11,0,0,0,0,2,16
1905,Yes,967,85,2307,14460,23,4,2,5,5,2,3,0,1,16
1868,Yes,459,73,2439,14753,24,4,3,1,1,0,1,0,1,24
1667,Yes,880,36,4581,10414,24,4,2,13,11,9,6,7,3,12
1878,Yes,391,75,2472,26092,23,4,2,1,1,0,0,0,1,7
1702,Yes,427,99,2275,25103,21,4,2,3,3,2,0,2,1,7
